time, num
2025-04-20 15:16:38,651
2025-04-20 16:19:32,582
2025-04-20 17:15:38,520
2025-04-20 18:22:12,510
2025-04-20 19:14:37,488
2025-04-20 20:18:02,553
2025-04-20 21:15:15,448
2025-04-20 22:16:40,415
2025-04-20 23:15:48,414
2025-04-21 01:26:38,394
2025-04-21 03:08:53,468
2025-04-21 04:21:13,415
2025-04-21 05:18:27,359
2025-04-21 06:26:05,289
2025-04-21 07:17:56,252
2025-04-21 08:24:24,290
2025-04-21 09:19:20,287
2025-04-21 10:19:03,297
2025-04-21 11:14:51,330
2025-04-21 12:35:28,447
2025-04-21 13:26:27,544
2025-04-21 14:16:48,622
2025-04-21 15:18:24,551
2025-04-21 16:21:53,498
2025-04-21 17:16:26,464
2025-04-21 18:24:20,444
2025-04-21 19:15:03,425
2025-04-21 20:19:15,411
2025-04-21 21:16:38,355
2025-04-21 22:17:24,355
2025-04-21 23:16:36,382
2025-04-22 01:23:13,393
2025-04-22 03:02:06,423
2025-04-22 04:21:08,346
2025-04-22 05:18:21,344
2025-04-22 06:26:07,282
2025-04-22 07:18:02,278
2025-04-22 08:24:00,288
2025-04-22 09:19:25,279
2025-04-22 10:19:19,281
2025-04-22 11:15:50,289
2025-04-22 12:35:57,409
2025-04-22 13:27:38,516
2025-04-22 14:17:52,508
2025-04-22 15:19:04,526
2025-04-22 16:22:37,500
2025-04-22 17:16:07,469
2025-04-22 18:24:58,469
2025-04-22 19:14:39,430
2025-04-22 20:20:10,380
2025-04-22 21:16:39,321
2025-04-22 22:16:49,301
2025-04-22 23:16:29,337
2025-04-23 01:23:40,416
2025-04-23 03:03:01,404
2025-04-23 04:21:43,383
2025-04-23 05:18:06,324
2025-04-23 06:26:03,286
2025-04-23 07:22:05,250
2025-04-23 08:24:06,227
2025-04-23 09:19:55,273
2025-04-23 10:20:15,228
2025-04-23 11:15:38,278
2025-04-23 12:36:39,392
2025-04-23 13:28:22,510
2025-04-23 14:18:43,550
2025-04-23 15:19:52,524
2025-04-23 16:23:03,463
2025-04-23 17:16:31,427
2025-04-23 18:26:47,334
2025-04-23 19:14:26,367
2025-04-23 20:19:46,331
2025-04-23 21:16:54,345
2025-04-23 22:17:41,341
2025-04-23 23:17:14,341
2025-04-24 01:23:45,397
2025-04-24 03:04:45,429
2025-04-24 04:21:01,355
2025-04-24 05:18:20,375
2025-04-24 06:26:28,286
2025-04-24 07:18:16,272
2025-04-24 08:24:47,252
2025-04-24 09:19:53,264
2025-04-24 10:19:36,252
2025-04-24 11:15:28,305
2025-04-24 12:37:25,390
2025-04-24 13:28:52,526
2025-04-24 14:16:44,553
2025-04-24 15:19:46,473
2025-04-24 16:22:53,472
2025-04-24 17:15:53,410
2025-04-24 18:24:43,415
2025-04-24 19:15:36,419
2025-04-24 20:19:48,369
2025-04-24 21:17:24,362
2025-04-24 22:18:14,333
2025-04-24 23:16:52,318
2025-04-25 01:24:19,381
2025-04-25 03:04:34,439
2025-04-25 04:21:42,343
2025-04-25 05:17:51,324
2025-04-25 06:25:50,316
2025-04-25 07:17:38,261
2025-04-25 08:23:49,259
2025-04-25 09:19:03,263
2025-04-25 10:18:57,297
2025-04-25 11:15:05,311
2025-04-25 12:36:13,450
2025-04-25 13:26:53,510
2025-04-25 14:17:10,621
2025-04-25 15:18:24,622
2025-04-25 16:22:11,587
2025-04-25 17:15:13,583
2025-04-25 18:24:43,474
2025-04-25 19:14:37,464
2025-04-25 20:20:02,419
2025-04-25 21:16:30,411
2025-04-25 22:18:36,417
2025-04-25 23:16:34,380
2025-04-26 01:21:17,488
2025-04-26 02:58:21,570
2025-04-26 03:35:12,571
2025-04-26 04:20:17,519
2025-04-26 05:16:41,516
2025-04-26 06:23:29,437
2025-04-26 07:15:43,423
2025-04-26 08:20:45,403
2025-04-26 09:17:15,396
2025-04-26 10:17:14,393
2025-04-26 11:13:16,389
2025-04-26 12:32:07,515
2025-04-26 13:22:15,563
2025-04-26 14:14:53,593
2025-04-26 15:16:36,581
2025-04-26 16:20:28,569
2025-04-26 17:13:34,542
2025-04-26 18:21:58,521
2025-04-26 19:13:49,496
2025-04-26 20:17:38,486
2025-04-26 21:15:12,460
2025-04-26 22:15:38,453
2025-04-26 23:16:28,375
2025-04-27 01:36:11,447
2025-04-27 03:07:31,504
2025-04-27 04:20:15,478
2025-04-27 05:17:08,468
2025-04-27 06:23:38,428
2025-04-27 07:15:32,376
2025-04-27 08:20:33,374
2025-04-27 09:17:04,391
2025-04-27 10:18:09,421
2025-04-27 11:13:05,361
2025-04-27 12:32:28,499
2025-04-27 13:22:39,537
2025-04-27 14:14:50,603
2025-04-27 15:17:10,644
2025-04-27 16:20:13,563
2025-04-27 17:15:20,551
2025-04-27 18:22:15,454
2025-04-27 19:14:38,482
2025-04-27 20:18:20,469
2025-04-27 21:15:00,420
2025-04-27 22:16:08,394
2025-04-27 23:17:48,371
2025-04-28 01:26:12,356
2025-04-28 03:09:11,354
2025-04-28 04:21:48,283
2025-04-28 05:25:45,237
2025-04-28 06:32:49,225
2025-04-28 07:43:08,212
2025-04-28 09:04:09,202
2025-04-28 11:04:41,246
2025-04-28 12:38:39,332
2025-04-28 13:38:40,454
2025-04-28 14:20:16,473
2025-04-28 15:19:41,478
2025-04-28 16:21:42,442
2025-04-28 17:15:44,378
2025-04-28 18:26:08,369
2025-04-28 19:14:35,387
2025-04-28 20:18:58,357
2025-04-28 21:15:39,293
2025-04-28 22:17:27,306
2025-04-28 23:16:49,312
2025-04-29 01:24:25,356
2025-04-29 03:05:09,354
2025-04-29 04:20:28,335
2025-04-29 05:18:10,313
2025-04-29 06:26:56,270
2025-04-29 07:18:53,243
2025-04-29 08:25:47,185
2025-04-29 09:19:58,217
2025-04-29 10:20:29,218
2025-04-29 11:15:18,228
2025-04-29 12:38:46,353
2025-04-29 13:32:05,381
2025-04-29 14:18:31,512
2025-04-29 15:19:34,512
2025-04-29 16:22:30,475
2025-04-29 17:16:41,422
2025-04-29 18:24:31,371
2025-04-29 19:14:40,340
2025-04-29 20:20:10,291
2025-04-29 21:16:44,292
2025-04-29 22:16:52,284
2025-04-29 23:16:39,317
2025-04-30 01:24:34,345
2025-04-30 03:04:47,384
2025-04-30 04:21:30,355
2025-04-30 05:17:56,331
2025-04-30 06:26:38,249
2025-04-30 07:17:20,263
2025-04-30 08:24:43,249
2025-04-30 09:19:25,241
2025-04-30 10:19:12,232
2025-04-30 11:15:02,294
2025-04-30 12:36:03,404
2025-04-30 13:27:36,474
2025-04-30 14:17:58,544
2025-04-30 15:19:27,550
2025-04-30 16:22:32,469
2025-04-30 17:15:51,434
2025-04-30 18:25:39,397
2025-04-30 19:14:29,382
2025-04-30 20:19:40,371
2025-04-30 21:16:29,339
2025-04-30 22:17:07,367
2025-04-30 23:16:54,351
2025-05-01 01:40:13,373
2025-05-01 03:15:17,497
2025-05-01 04:23:31,420
2025-05-01 05:18:25,421
2025-05-01 06:26:49,401
2025-05-01 07:18:16,386
2025-05-01 08:23:37,357
2025-05-01 09:19:09,365
2025-05-01 10:19:31,362
2025-05-01 11:14:45,352
2025-05-01 12:35:26,465
2025-05-01 13:26:13,498
2025-05-01 14:16:36,594
2025-05-01 15:18:12,578
2025-05-01 16:22:46,534
2025-05-01 17:16:18,492
2025-05-01 18:25:25,442
2025-05-01 19:14:09,444
2025-05-01 20:18:10,416
2025-05-01 21:17:02,349
2025-05-01 22:17:21,352
2025-05-01 23:17:06,326
2025-05-02 01:24:48,418
2025-05-02 03:06:37,436
2025-05-02 04:20:43,399
2025-05-02 05:18:12,366
2025-05-02 06:26:03,376
2025-05-02 07:17:45,341
2025-05-02 08:23:47,328
2025-05-02 09:19:01,340
2025-05-02 10:18:58,336
2025-05-02 11:15:15,324
2025-05-02 12:35:55,425
2025-05-02 13:27:20,507
2025-05-02 14:17:13,615
2025-05-02 15:18:32,664
2025-05-02 16:22:14,615
2025-05-02 17:16:06,530
2025-05-02 18:24:46,447
2025-05-02 19:14:39,421
2025-05-02 20:19:53,308
2025-05-02 21:16:47,281
2025-05-02 22:17:22,343
2025-05-02 23:16:33,290
2025-05-03 01:22:56,391
2025-05-03 03:02:33,465
2025-05-03 04:20:38,470
2025-05-03 05:18:00,436
2025-05-03 06:23:48,446
2025-05-03 07:16:09,368
2025-05-03 08:21:01,386
2025-05-03 09:17:13,371
2025-05-03 10:17:16,373
2025-05-03 11:14:00,368
2025-05-03 12:33:21,471
2025-05-03 13:23:20,545
2025-05-03 14:15:37,581
2025-05-03 15:17:02,606
2025-05-03 16:20:25,597
2025-05-03 17:14:19,511
2025-05-03 18:23:02,454
2025-05-03 19:13:09,457
2025-05-03 20:18:21,447
2025-05-03 21:15:29,397
2025-05-03 22:16:20,358
2025-05-03 23:16:12,398
2025-05-04 01:40:32,430
2025-05-04 03:15:23,468
2025-05-04 04:21:41,478
2025-05-04 05:17:31,455
2025-05-04 06:24:46,442
2025-05-04 07:16:16,467
2025-05-04 08:20:57,399
2025-05-04 09:17:25,444
2025-05-04 10:17:36,436
2025-05-04 11:13:52,393
2025-05-04 12:33:38,533
2025-05-04 13:23:50,596
2025-05-04 14:15:31,641
2025-05-04 15:17:13,648
2025-05-04 16:20:27,559
2025-05-04 17:14:30,516
2025-05-04 18:23:07,486
2025-05-04 19:14:16,404
2025-05-04 20:18:29,436
2025-05-04 21:15:37,418
2025-05-04 22:16:29,404
2025-05-04 23:16:25,385
2025-05-05 01:28:03,411
2025-05-05 03:11:40,467
2025-05-05 04:22:30,359
2025-05-05 05:19:00,357
2025-05-05 06:27:36,362
2025-05-05 07:18:39,322
2025-05-05 08:25:56,271
2025-05-05 09:19:52,267
2025-05-05 10:19:58,246
2025-05-05 11:15:16,292
2025-05-05 12:37:04,355
2025-05-05 13:28:32,422
2025-05-05 14:18:48,482
2025-05-05 15:19:23,464
2025-05-05 16:23:46,426
2025-05-05 17:16:10,370
2025-05-05 18:21:39,358
2025-05-05 19:12:58,300
2025-05-05 20:20:03,306
2025-05-05 21:16:44,291
2025-05-05 22:17:52,316
2025-05-05 23:16:51,270
2025-05-06 01:25:23,349
2025-05-06 03:07:26,361
2025-05-06 04:21:42,330
2025-05-06 05:18:26,286
2025-05-06 06:26:38,269
2025-05-06 07:18:21,254
2025-05-06 08:25:04,251
2025-05-06 09:19:44,228
2025-05-06 10:19:52,246
2025-05-06 11:15:21,254
2025-05-06 12:38:38,339
2025-05-06 13:30:52,461
2025-05-06 14:18:31,524
2025-05-06 15:24:55,507
2025-05-06 16:21:19,442
2025-05-06 17:16:24,391
2025-05-06 18:25:53,359
2025-05-06 19:13:24,341
2025-05-06 20:20:18,311
2025-05-06 21:16:59,314
2025-05-06 22:17:28,0
2025-05-06 23:16:41,305
2025-05-07 01:26:15,330
2025-05-07 03:08:46,376
2025-05-07 04:21:09,312
2025-05-07 05:18:20,297
2025-05-07 06:26:59,258
2025-05-07 07:18:18,225
2025-05-07 08:26:01,214
2025-05-07 09:19:53,238
2025-05-07 10:20:05,249
2025-05-07 11:15:53,301
2025-05-07 12:38:54,370
2025-05-07 13:31:39,435
2025-05-07 14:18:51,493
2025-05-07 15:21:05,463
2025-05-07 16:24:14,377
2025-05-07 17:16:32,304
2025-05-07 18:25:51,353
2025-05-07 19:15:12,318
2025-05-07 20:20:22,341
2025-05-07 21:15:36,290
2025-05-07 22:17:49,295
2025-05-07 23:17:11,288
2025-05-08 01:26:18,333
2025-05-08 03:10:19,308
2025-05-08 04:22:39,339
2025-05-08 05:18:36,289
2025-05-08 06:27:31,255
2025-05-08 07:17:58,261
2025-05-08 08:24:48,202
2025-05-08 09:19:33,220
2025-05-08 10:20:26,249
2025-05-08 11:15:33,313
2025-05-08 12:37:05,376
2025-05-08 13:29:24,454
2025-05-08 14:16:27,505
2025-05-08 15:19:50,488
2025-05-08 16:24:01,443
2025-05-08 17:15:50,382
2025-05-08 18:26:08,339
2025-05-08 19:15:15,316
2025-05-08 20:20:14,299
2025-05-08 21:17:18,294
2025-05-08 22:17:10,255
2025-05-08 23:17:52,287
2025-05-09 01:25:45,315
2025-05-09 03:08:52,303
2025-05-09 04:22:22,276
2025-05-09 05:18:17,242
2025-05-09 06:27:05,268
2025-05-09 07:17:51,260
2025-05-09 08:24:38,234
2025-05-09 09:19:21,281
2025-05-09 10:19:11,249
2025-05-09 11:15:00,317
2025-05-09 12:36:15,390
2025-05-09 13:28:07,509
2025-05-09 14:17:54,544
2025-05-09 15:18:45,563
2025-05-09 16:22:26,486
2025-05-09 17:15:52,462
2025-05-09 18:25:29,495
2025-05-09 19:14:19,471
2025-05-09 20:19:58,400
2025-05-09 21:16:16,398
2025-05-09 22:17:11,386
2025-05-09 23:16:23,371
2025-05-10 01:23:03,466
2025-05-10 03:02:49,529
2025-05-10 04:20:21,491
2025-05-10 05:16:47,475
2025-05-10 06:23:12,448
2025-05-10 07:15:58,444
2025-05-10 08:20:50,386
2025-05-10 09:16:48,439
2025-05-10 10:17:44,404
2025-05-10 11:14:30,396
2025-05-10 12:33:08,530
2025-05-10 13:23:33,657
2025-05-10 14:15:14,742
2025-05-10 15:17:19,752
2025-05-10 16:20:29,635
2025-05-10 17:14:07,590
2025-05-10 18:22:20,518
2025-05-10 19:13:05,475
2025-05-10 20:18:10,456
2025-05-10 21:15:00,485
2025-05-10 22:15:36,430
2025-05-10 23:15:55,419
2025-05-11 01:38:37,483
2025-05-11 03:13:24,541
2025-05-11 04:21:10,537
2025-05-11 05:17:14,452
2025-05-11 06:24:35,506
2025-05-11 07:16:47,476
2025-05-11 08:21:42,446
2025-05-11 09:17:12,478
2025-05-11 10:17:18,413
2025-05-11 11:13:20,445
2025-05-11 12:33:25,487
2025-05-11 13:23:44,570
2025-05-11 14:16:01,632
2025-05-11 15:16:49,652
2025-05-11 16:20:27,639
2025-05-11 17:13:58,565
2025-05-11 18:22:33,512
2025-05-11 19:13:16,519
2025-05-11 20:18:14,477
2025-05-11 21:15:30,430
2025-05-11 22:16:17,403
2025-05-11 23:16:10,368
2025-05-12 01:37:47,411
2025-05-12 03:12:53,454
2025-05-12 04:23:06,367
2025-05-12 05:18:40,308
2025-05-12 06:28:00,262
2025-05-12 07:18:38,247
2025-05-12 08:25:47,213
2025-05-12 09:20:37,232
2025-05-12 10:20:54,261
2025-05-12 11:15:35,292
2025-05-12 12:38:37,416
2025-05-12 13:31:07,503
2025-05-12 14:19:14,524
2025-05-12 15:21:41,514
2025-05-12 16:23:46,452
2025-05-12 17:15:58,399
2025-05-12 18:26:04,369
2025-05-12 19:15:11,371
2025-05-12 20:20:31,330
2025-05-12 21:16:57,356
2025-05-12 22:17:43,313
2025-05-12 23:16:59,298
2025-05-13 01:27:13,428
2025-05-13 03:10:37,405
2025-05-13 04:22:44,377
2025-05-13 05:18:22,374
2025-05-13 06:26:56,288
2025-05-13 07:18:48,254
2025-05-13 08:25:38,220
2025-05-13 09:20:03,229
2025-05-13 10:20:08,211
2025-05-13 11:15:50,262
2025-05-13 12:38:37,412
2025-05-13 13:31:29,452
2025-05-13 14:19:05,533
2025-05-13 15:19:46,487
2025-05-13 16:24:05,409
2025-05-13 17:16:39,418
2025-05-13 18:26:32,375
2025-05-13 19:15:00,362
2025-05-13 20:20:25,321
2025-05-13 21:17:04,298
2025-05-13 22:17:45,401
2025-05-13 23:17:13,295
2025-05-14 01:25:50,335
2025-05-14 03:09:03,352
2025-05-14 04:22:02,303
2025-05-14 05:18:22,298
2025-05-14 06:26:51,261
2025-05-14 07:18:23,274
2025-05-14 08:25:07,243
2025-05-14 09:19:48,252
2025-05-14 10:19:52,271
2025-05-14 11:15:33,269
2025-05-14 12:37:23,391
2025-05-14 13:29:56,459
2025-05-14 14:19:04,500
2025-05-14 15:19:45,500
2025-05-14 16:23:20,406
2025-05-14 17:16:36,388
2025-05-14 18:23:58,365
2025-05-14 19:14:47,320
2025-05-14 20:17:07,265
2025-05-14 21:14:22,242
2025-05-14 22:14:44,293
2025-05-14 23:16:33,311
2025-05-15 01:24:05,301
2025-05-15 03:08:40,315
2025-05-15 04:22:02,348
2025-05-15 05:18:45,284
2025-05-15 06:27:28,279
2025-05-15 07:18:09,260
2025-05-15 08:25:30,230
2025-05-15 09:19:54,224
2025-05-15 10:20:06,251
2025-05-15 11:15:34,274
2025-05-15 12:37:39,341
2025-05-15 13:28:44,380
2025-05-15 14:19:03,485
2025-05-15 15:17:57,504
2025-05-15 16:23:38,431
2025-05-15 17:16:21,378
2025-05-15 18:26:08,343
2025-05-15 19:14:28,308
2025-05-15 20:20:34,348
2025-05-15 21:17:13,347
2025-05-15 22:17:15,323
2025-05-15 23:17:25,295
2025-05-16 01:27:01,322
2025-05-16 03:11:26,375
2025-05-16 04:22:48,333
2025-05-16 05:18:42,300
2025-05-16 06:27:36,288
2025-05-16 07:18:03,235
2025-05-16 08:25:00,241
2025-05-16 09:19:27,256
2025-05-16 10:19:37,285
2025-05-16 11:15:26,323
2025-05-16 12:37:37,441
2025-05-16 13:29:29,493
2025-05-16 14:17:36,488
2025-05-16 15:17:08,550
2025-05-16 16:22:40,534
2025-05-16 17:14:56,512
2025-05-16 18:25:31,470
2025-05-16 19:14:56,433
2025-05-16 20:19:58,398
2025-05-16 21:17:06,355
2025-05-16 22:17:10,351
2025-05-16 23:16:55,328
2025-05-17 01:24:53,390
2025-05-17 03:06:47,486
2025-05-17 04:21:19,481
2025-05-17 05:16:58,444
2025-05-17 06:24:20,397
2025-05-17 07:16:16,403
2025-05-17 08:21:35,415
2025-05-17 09:17:24,403
2025-05-17 10:17:52,366
2025-05-17 11:13:48,353
2025-05-17 12:33:39,516
2025-05-17 13:23:52,549
2025-05-17 14:15:20,664
2025-05-17 15:16:53,638
2025-05-17 16:20:45,525
2025-05-17 17:14:34,561
2025-05-17 18:23:28,486
2025-05-17 19:14:36,448
2025-05-17 20:18:32,452
2025-05-17 21:15:37,408
2025-05-17 22:15:46,400
2025-05-17 23:16:45,405
2025-05-18 01:39:49,475
2025-05-18 03:16:22,548
2025-05-18 04:25:14,495
2025-05-18 05:17:28,489
2025-05-18 06:25:28,498
2025-05-18 07:16:04,506
2025-05-18 08:21:19,480
2025-05-18 09:17:24,414
2025-05-18 10:17:58,411
2025-05-18 11:13:46,401
2025-05-18 12:34:02,500
2025-05-18 13:24:34,582
2025-05-18 14:15:18,556
2025-05-18 15:16:31,552
2025-05-18 16:20:06,508
2025-05-18 17:14:31,505
2025-05-18 18:23:34,457
2025-05-18 19:13:29,489
2025-05-18 20:18:48,407
2025-05-18 21:15:31,376
2025-05-18 22:16:15,384
2025-05-18 23:16:36,354
2025-05-19 01:39:12,334
2025-05-19 03:17:02,361
2025-05-19 04:25:56,320
2025-05-19 05:18:17,278
2025-05-19 06:28:15,200
2025-05-19 07:18:45,200
2025-05-19 08:27:11,194
2025-05-19 09:20:55,209
2025-05-19 10:20:39,226
2025-05-19 11:15:59,252
2025-05-19 12:39:20,376
2025-05-19 13:30:53,471
2025-05-19 14:18:38,515
2025-05-19 15:20:19,459
2025-05-19 16:23:33,398
2025-05-19 17:16:19,390
2025-05-19 18:26:36,362
2025-05-19 19:14:34,370
2025-05-19 20:20:09,371
2025-05-19 21:17:11,295
2025-05-19 22:17:31,284
2025-05-19 23:17:10,290
2025-05-20 01:27:43,376
2025-05-20 03:11:18,329
2025-05-20 04:22:14,310
2025-05-20 05:18:14,282
2025-05-20 06:27:33,254
2025-05-20 07:18:22,237
2025-05-20 08:26:07,211
2025-05-20 09:20:16,244
2025-05-20 10:20:21,239
2025-05-20 11:15:53,263
2025-05-20 12:39:10,386
2025-05-20 13:31:35,433
2025-05-20 14:18:43,500
2025-05-20 15:20:35,461
2025-05-20 16:23:39,421
2025-05-20 17:16:26,445
2025-05-20 18:26:54,375
2025-05-20 19:14:22,374
2025-05-20 20:20:48,316
2025-05-20 21:17:14,323
2025-05-20 22:17:23,173
2025-05-20 23:16:59,304
2025-05-21 01:27:26,324
2025-05-21 03:10:42,300
2025-05-21 04:22:35,329
2025-05-21 05:18:29,287
2025-05-21 06:27:23,287
2025-05-21 07:18:08,269
2025-05-21 08:25:03,236
2025-05-21 09:20:11,257
2025-05-21 10:20:01,230
2025-05-21 11:15:50,259
2025-05-21 12:38:01,353
2025-05-21 13:30:20,454
2025-05-21 14:19:00,505
2025-05-21 15:20:39,468
2025-05-21 16:23:54,425
2025-05-21 17:15:52,428
2025-05-21 18:26:45,377
2025-05-21 19:14:32,320
2025-05-21 20:20:02,333
2025-05-21 21:16:45,339
2025-05-21 22:17:22,324
2025-05-21 23:17:11,291
2025-05-22 01:26:39,366
2025-05-22 03:10:58,360
2025-05-22 04:23:51,314
2025-05-22 05:18:45,278
2025-05-22 06:27:11,248
2025-05-22 07:18:01,226
2025-05-22 08:25:01,241
2025-05-22 09:19:47,224
2025-05-22 10:19:48,252
2025-05-22 11:16:17,240
2025-05-22 12:38:35,386
2025-05-22 13:30:28,457
2025-05-22 14:18:25,472
2025-05-22 15:20:05,473
2025-05-22 16:23:44,415
2025-05-22 17:16:32,374
2025-05-22 18:26:14,384
2025-05-22 19:14:55,319
2025-05-22 20:20:20,344
2025-05-22 21:17:10,344
2025-05-22 22:17:29,294
2025-05-22 23:17:06,304
2025-05-23 01:26:48,297
2025-05-23 03:10:29,335
2025-05-23 04:22:02,288
2025-05-23 05:18:16,274
2025-05-23 06:26:52,266
2025-05-23 07:18:10,263
2025-05-23 08:25:11,230
2025-05-23 09:19:35,254
2025-05-23 10:19:45,304
2025-05-23 11:15:25,294
2025-05-23 12:36:50,432
2025-05-23 13:28:43,518
2025-05-23 14:17:43,525
2025-05-23 15:18:54,569
2025-05-23 16:22:33,491
2025-05-23 17:16:51,511
2025-05-23 18:24:37,432
2025-05-23 19:14:18,371
2025-05-23 20:20:00,385
2025-05-23 21:14:48,439
2025-05-23 22:17:23,355
2025-05-23 23:17:18,368
2025-05-24 01:23:58,394
2025-05-24 03:05:05,459
2025-05-24 04:21:03,404
2025-05-24 05:17:06,430
2025-05-24 06:24:04,394
2025-05-24 07:16:00,371
2025-05-24 08:20:54,419
2025-05-24 09:17:09,393
2025-05-24 10:17:37,361
2025-05-24 11:13:34,376
2025-05-24 12:33:46,500
2025-05-24 13:25:30,547
2025-05-24 14:15:09,586
2025-05-24 15:16:34,578
2025-05-24 16:20:44,572
2025-05-24 17:14:40,538
2025-05-24 18:23:07,461
2025-05-24 19:13:13,461
2025-05-24 20:18:35,421
2025-05-24 21:15:31,371
2025-05-24 22:16:09,377
2025-05-24 23:16:35,366
2025-05-25 01:42:13,418
2025-05-25 03:18:52,463
2025-05-25 04:24:52,503
2025-05-25 05:17:02,472
2025-05-25 06:24:35,485
2025-05-25 07:15:54,452
2025-05-25 08:21:52,445
2025-05-25 09:17:08,447
2025-05-25 10:17:53,422
2025-05-25 11:13:42,361
2025-05-25 12:34:12,449
2025-05-25 13:24:36,524
2025-05-25 14:15:21,583
2025-05-25 15:16:49,534
2025-05-25 16:20:28,466
2025-05-25 17:14:13,447
2025-05-25 18:23:15,455
2025-05-25 19:13:29,443
2025-05-25 20:18:33,435
2025-05-25 21:15:50,391
2025-05-25 22:16:52,342
2025-05-25 23:16:52,332
2025-05-26 01:37:52,356
2025-05-26 03:15:29,406
2025-05-26 04:24:39,338
2025-05-26 05:19:10,336
2025-05-26 06:28:33,277
2025-05-26 07:25:43,290
2025-05-26 08:37:01,262
2025-05-26 09:44:23,256
2025-05-26 10:22:20,276
2025-05-26 11:14:39,277
2025-05-26 12:37:02,426
2025-05-26 13:28:22,472
2025-05-26 14:18:30,514
2025-05-26 15:19:18,485
2025-05-26 16:22:14,404
2025-05-26 17:15:37,408
2025-05-26 18:24:36,396
2025-05-26 19:14:31,397
2025-05-26 20:19:48,402
2025-05-26 21:16:12,385
2025-05-26 22:16:57,348
2025-05-26 23:16:46,319
2025-05-27 01:26:06,371
2025-05-27 03:09:49,407
2025-05-27 04:24:43,324
2025-05-27 05:18:26,308
2025-05-27 06:27:07,265
2025-05-27 07:18:27,238
2025-05-27 08:25:10,224
2025-05-27 09:19:44,238
2025-05-27 10:20:17,221
2025-05-27 11:15:46,294
2025-05-27 12:38:57,408
2025-05-27 13:31:20,457
2025-05-27 14:18:21,509
2025-05-27 15:20:23,446
2025-05-27 16:23:55,452
2025-05-27 17:16:44,419
2025-05-27 18:25:01,411
2025-05-27 19:14:24,398
2025-05-27 20:20:15,336
2025-05-27 21:17:28,346
2025-05-27 22:17:16,0
2025-05-27 23:17:10,287
2025-05-28 01:27:32,359
2025-05-28 03:12:23,377
2025-05-28 04:23:37,342
2025-05-28 05:18:31,332
2025-05-28 06:27:21,287
2025-05-28 07:18:28,253
2025-05-28 08:25:30,234
2025-05-28 09:19:59,257
2025-05-28 10:20:43,245
2025-05-28 11:16:18,288
2025-05-28 12:38:42,382
2025-05-28 13:31:28,435
2025-05-28 14:19:29,522
2025-05-28 15:19:21,520
2025-05-28 16:22:33,437
2025-05-28 17:16:36,440
2025-05-28 18:25:08,343
2025-05-28 19:15:16,357
2025-05-28 20:20:20,356
2025-05-28 21:17:03,328
2025-05-28 22:17:20,300
2025-05-28 23:17:18,313
2025-05-29 01:27:20,362
2025-05-29 03:12:45,341
2025-05-29 04:24:10,294
2025-05-29 05:19:06,308
2025-05-29 06:27:42,257
2025-05-29 07:18:17,235
2025-05-29 08:25:21,224
2025-05-29 09:19:59,247
2025-05-29 10:20:45,288
2025-05-29 11:15:46,304
2025-05-29 12:37:37,390
2025-05-29 13:29:32,472
2025-05-29 14:18:03,505
2025-05-29 15:19:30,515
2025-05-29 16:23:05,531
2025-05-29 17:17:15,502
2025-05-29 18:25:49,416
2025-05-29 19:13:12,404
2025-05-29 20:20:27,376
2025-05-29 21:17:25,373
2025-05-29 22:17:28,361
2025-05-29 23:16:49,300
2025-05-30 01:25:20,358
2025-05-30 03:10:21,403
2025-05-30 04:23:34,354
2025-05-30 05:18:16,280
2025-05-30 06:26:57,257
2025-05-30 07:17:41,262
2025-05-30 08:24:41,281
2025-05-30 09:19:34,288
2025-05-30 10:19:29,295
2025-05-30 11:15:07,315
2025-05-30 12:37:37,400
2025-05-30 13:29:09,476
2025-05-30 14:18:42,569
2025-05-30 15:19:33,604
2025-05-30 16:23:34,531
2025-05-30 17:15:59,521
2025-05-30 18:26:04,529
2025-05-30 19:14:21,463
2025-05-30 20:20:04,476
2025-05-30 21:16:31,410
2025-05-30 22:17:13,393
2025-05-30 23:16:56,376
2025-05-31 01:25:35,503
2025-05-31 03:09:26,557
2025-05-31 04:21:48,475
2025-05-31 05:17:20,448
2025-05-31 06:24:51,497
2025-05-31 07:16:20,454
2025-05-31 08:22:29,442
2025-05-31 09:17:45,453
2025-05-31 10:17:56,449
2025-05-31 11:13:44,429
2025-05-31 12:34:35,513
2025-05-31 13:26:41,566
2025-05-31 14:15:28,629
2025-05-31 15:17:01,662
2025-05-31 16:20:35,634
2025-05-31 17:14:45,644
2025-05-31 18:23:55,537
2025-05-31 19:13:27,503
2025-05-31 20:18:26,470
2025-05-31 21:15:58,423
2025-05-31 22:16:25,481
2025-05-31 23:17:41,474
2025-06-01 01:51:27,484
2025-06-01 03:39:47,579
2025-06-01 04:33:58,580
2025-06-01 05:17:57,552
2025-06-01 06:26:12,482
2025-06-01 07:17:30,474
2025-06-01 08:22:43,528
2025-06-01 09:17:57,459
2025-06-01 10:18:36,459
2025-06-01 11:14:18,476
2025-06-01 12:35:12,577
2025-06-01 13:25:56,595
2025-06-01 14:15:44,650
2025-06-01 15:17:23,638
2025-06-01 16:21:12,611
2025-06-01 17:15:09,580
2025-06-01 18:23:49,516
2025-06-01 19:14:05,509
2025-06-01 20:19:36,453
2025-06-01 21:16:10,432
2025-06-01 22:17:01,411
2025-06-01 23:17:13,395
2025-06-02 01:40:18,468
2025-06-02 03:19:44,445
2025-06-02 04:29:14,414
2025-06-02 05:19:18,406
2025-06-02 06:28:57,381
2025-06-02 07:19:21,386
2025-06-02 08:26:38,355
2025-06-02 09:20:37,361
2025-06-02 10:20:45,336
2025-06-02 11:16:31,319
2025-06-02 12:38:40,451
2025-06-02 13:31:33,496
2025-06-02 14:19:15,514
2025-06-02 15:20:47,493
2025-06-02 16:24:50,472
2025-06-02 17:17:05,473
2025-06-02 18:26:41,405
2025-06-02 19:14:29,337
2025-06-02 20:20:25,395
2025-06-02 21:18:23,422
2025-06-02 22:17:51,320
2025-06-02 23:17:42,339
2025-06-03 01:37:12,413
2025-06-03 03:14:47,431
2025-06-03 04:25:25,383
2025-06-03 05:19:05,351
2025-06-03 06:29:03,295
2025-06-03 07:19:16,297
2025-06-03 08:27:23,277
2025-06-03 09:20:29,295
2025-06-03 10:20:56,293
2025-06-03 11:16:25,344
2025-06-03 12:39:03,442
2025-06-03 13:32:25,478
2025-06-03 14:19:23,538
2025-06-03 15:21:25,577
2025-06-03 16:25:50,519
2025-06-03 17:18:00,508
2025-06-03 18:27:17,429
2025-06-03 19:14:30,399
2025-06-03 20:20:55,323
2025-06-03 21:15:54,334
2025-06-03 22:18:20,297
2025-06-03 23:17:20,323
2025-06-04 01:37:26,369
2025-06-04 03:15:19,386
2025-06-04 04:25:58,371
2025-06-04 05:18:28,303
2025-06-04 06:27:43,278
2025-06-04 07:18:26,293
2025-06-04 08:26:10,309
2025-06-04 09:20:07,297
2025-06-04 10:20:29,296
2025-06-04 11:16:23,309
2025-06-04 12:39:03,428
2025-06-04 13:33:17,484
2025-06-04 14:15:37,564
2025-06-04 15:41:30,512
2025-06-04 16:20:20,500
2025-06-04 17:17:16,446
2025-06-04 18:26:41,392
2025-06-04 19:15:26,399
2025-06-04 20:16:26,358
2025-06-04 21:14:40,336
2025-06-04 22:16:14,306
2025-06-04 23:17:33,295
2025-06-05 01:27:42,328
2025-06-05 03:15:03,380
2025-06-05 04:26:31,368
2025-06-05 05:18:46,582
2025-06-05 06:28:34,575
2025-06-05 07:18:06,560
2025-06-05 08:25:37,305
2025-06-05 09:20:04,362
2025-06-05 10:20:58,334
2025-06-05 11:16:43,352
2025-06-05 12:38:49,472
2025-06-05 13:31:22,585
2025-06-05 14:18:43,641
2025-06-05 15:20:12,626
2025-06-05 16:24:05,629
2025-06-05 17:13:44,621
2025-06-05 19:13:18,532
2025-06-05 20:17:16,468
2025-06-05 21:17:24,404
2025-06-05 22:16:37,316
2025-06-05 23:19:38,316
2025-06-06 01:27:27,383
2025-06-06 03:14:38,481
2025-06-06 04:24:46,475
2025-06-06 05:18:48,454
2025-06-06 06:28:24,380
2025-06-06 07:17:55,384
2025-06-06 08:24:50,342
2025-06-06 09:19:56,383
2025-06-06 10:20:44,365
2025-06-06 11:16:12,382
2025-06-06 12:37:41,474
2025-06-06 13:30:11,546
2025-06-06 14:18:11,607
2025-06-06 15:17:07,624
2025-06-06 16:24:34,585
2025-06-06 17:16:58,565
2025-06-06 18:26:33,548
2025-06-06 19:15:04,483
2025-06-06 20:21:03,400
2025-06-06 21:17:32,366
2025-06-06 22:17:34,322
2025-06-06 23:17:41,333
2025-06-07 01:27:20,486
2025-06-07 03:12:11,510
2025-06-07 04:22:21,510
2025-06-07 05:17:14,554
2025-06-07 06:25:04,572
2025-06-07 07:16:42,532
2025-06-07 08:22:01,598
2025-06-07 09:17:50,620
2025-06-07 10:18:45,608
2025-06-07 11:14:06,612
2025-06-07 12:34:45,493
2025-06-07 13:25:35,558
2025-06-07 14:15:32,640
2025-06-07 15:17:47,691
2025-06-07 16:20:53,616
2025-06-07 17:14:58,582
2025-06-07 18:23:48,520
2025-06-07 19:13:49,478
2025-06-07 20:18:44,485
2025-06-07 21:16:03,458
2025-06-07 22:16:35,429
2025-06-07 23:18:31,383
2025-06-08 01:44:07,417
2025-06-08 03:22:55,507
2025-06-08 04:28:44,502
2025-06-08 05:18:21,507
2025-06-08 06:26:24,448
2025-06-08 07:16:21,474
2025-06-08 08:22:00,479
2025-06-08 09:17:57,458
2025-06-08 10:18:02,429
2025-06-08 11:14:14,446
2025-06-08 12:34:32,532
2025-06-08 13:25:45,607
2025-06-08 14:15:35,653
2025-06-08 15:18:27,644
2025-06-08 16:20:52,595
2025-06-08 17:14:48,544
2025-06-08 18:23:23,494
2025-06-08 19:14:10,498
2025-06-08 20:18:47,463
2025-06-08 21:15:58,425
2025-06-08 22:16:40,392
2025-06-08 23:16:54,373
2025-06-09 01:42:04,358
2025-06-09 03:21:04,360
2025-06-09 04:30:13,350
2025-06-09 05:19:36,352
2025-06-09 06:29:32,316
2025-06-09 07:19:15,326
2025-06-09 08:27:31,302
2025-06-09 09:20:50,315
2025-06-09 10:20:56,324
2025-06-09 11:16:51,351
2025-06-09 12:38:45,481
2025-06-09 13:31:27,529
2025-06-09 14:19:08,598
2025-06-09 15:20:14,590
2025-06-09 16:24:29,513
2025-06-09 17:16:20,470
2025-06-09 18:27:21,439
2025-06-09 19:14:40,349
2025-06-09 20:20:58,384
2025-06-09 21:17:39,355
2025-06-09 22:17:59,278
2025-06-09 23:17:59,325
2025-06-10 01:38:22,348
2025-06-10 03:17:22,390
2025-06-10 04:27:07,374
2025-06-10 05:18:43,357
2025-06-10 06:27:56,305
2025-06-10 07:18:09,307
2025-06-10 08:26:29,264
2025-06-10 09:20:18,293
2025-06-10 10:20:17,320
2025-06-10 11:16:09,332
2025-06-10 12:39:25,442
2025-06-10 13:32:22,494
2025-06-10 14:19:00,524
2025-06-10 15:20:29,530
2025-06-10 16:24:40,496
2025-06-10 17:16:17,494
2025-06-10 18:26:49,387
2025-06-10 19:14:31,388
2025-06-10 20:20:55,371
2025-06-10 21:18:00,342
2025-06-10 22:17:49,313
2025-06-10 23:17:28,296
2025-06-11 01:37:58,324
2025-06-11 03:16:28,386
2025-06-11 04:27:39,303
2025-06-11 05:19:06,294
2025-06-11 06:27:53,297
2025-06-11 07:18:25,299
2025-06-11 08:25:55,293
2025-06-11 09:20:21,284
2025-06-11 10:20:18,319
2025-06-11 11:16:45,306
2025-06-11 12:39:17,439
2025-06-11 13:32:23,482
2025-06-11 14:17:30,530
2025-06-11 15:20:51,554
2025-06-11 16:24:53,481
2025-06-11 17:16:48,441
2025-06-11 18:27:29,419
2025-06-11 19:14:33,390
2025-06-11 20:19:35,374
2025-06-11 21:17:49,314
2025-06-11 22:17:46,344
2025-06-11 23:18:47,0
2025-06-12 01:27:57,343
2025-06-12 03:14:55,322
2025-06-12 04:25:37,347
2025-06-12 05:18:30,322
2025-06-12 06:28:35,273
2025-06-12 07:18:32,264
2025-06-12 08:25:59,273
2025-06-12 09:20:09,301
2025-06-12 10:20:29,299
2025-06-12 11:16:19,301
2025-06-12 12:38:28,406
2025-06-12 13:32:00,494
2025-06-12 14:18:45,558
2025-06-12 15:20:18,542
2025-06-12 16:23:44,496
2025-06-12 17:17:02,439
2025-06-12 18:26:13,369
2025-06-12 19:14:29,375
2025-06-12 20:20:48,345
2025-06-12 21:17:58,322
2025-06-12 22:17:40,285
2025-06-12 23:17:41,259
2025-06-13 01:37:42,354
2025-06-13 03:16:40,345
2025-06-13 04:26:21,305
2025-06-13 05:18:15,341
2025-06-13 06:28:18,306
2025-06-13 07:17:59,278
2025-06-13 08:25:33,319
2025-06-13 09:20:11,309
2025-06-13 10:20:33,303
2025-06-13 11:16:11,357
2025-06-13 12:38:13,428
2025-06-13 13:30:35,525
2025-06-13 14:18:21,582
2025-06-13 15:20:00,617
2025-06-13 16:23:54,542
2025-06-13 17:16:33,500
2025-06-13 18:26:48,428
2025-06-13 19:14:51,382
2025-06-13 20:20:24,403
2025-06-13 21:17:49,358
2025-06-13 22:17:37,302
2025-06-13 23:19:01,320
2025-06-14 01:26:08,343
2025-06-14 03:10:53,427
2025-06-14 04:22:30,426
2025-06-14 05:18:25,425
2025-06-14 06:25:09,413
2025-06-14 07:16:28,455
2025-06-14 08:21:59,428
2025-06-14 09:19:04,369
2025-06-14 10:18:14,370
2025-06-14 11:13:53,357
2025-06-14 12:34:49,480
2025-06-14 13:25:55,553
2025-06-14 14:15:19,590
2025-06-14 15:17:19,605
2025-06-14 16:21:16,606
2025-06-14 17:14:49,590
2025-06-14 18:23:20,500
2025-06-14 19:13:45,456
2025-06-14 20:18:39,385
2025-06-14 21:16:21,397
2025-06-14 22:17:09,352
2025-06-14 23:18:14,382
2025-06-15 01:45:48,385
2025-06-15 03:23:23,430
2025-06-15 04:27:59,486
2025-06-15 05:17:55,508
2025-06-15 06:25:22,472
2025-06-15 07:17:06,463
2025-06-15 08:22:21,471
2025-06-15 09:18:32,449
2025-06-15 10:20:04,419
2025-06-15 11:14:37,406
2025-06-15 12:35:11,504
2025-06-15 13:26:10,595
2025-06-15 14:15:31,639
2025-06-15 15:17:37,681
2025-06-15 16:21:15,549
2025-06-15 17:15:29,534
2025-06-15 18:24:08,483
2025-06-15 19:14:19,515
2025-06-15 20:19:20,454
2025-06-15 21:16:19,378
2025-06-15 22:17:05,377
2025-06-15 23:16:48,363
2025-06-16 01:41:04,353
2025-06-16 03:20:47,366
2025-06-16 04:31:12,396
2025-06-16 05:20:15,345
2025-06-16 06:29:50,316
2025-06-16 07:20:24,263
2025-06-16 08:26:58,273
2025-06-16 09:22:12,288
2025-06-16 10:21:12,277
2025-06-16 11:16:36,309
2025-06-16 12:39:46,476
2025-06-16 13:32:54,494
2025-06-16 14:19:14,507
2025-06-16 15:20:35,522
2025-06-16 16:24:29,483
2025-06-16 17:16:54,417
2025-06-16 18:27:20,391
2025-06-16 19:14:35,370
2025-06-16 20:20:47,360
2025-06-16 21:17:58,372
2025-06-16 22:18:18,327
2025-06-16 23:17:43,305
2025-06-17 01:38:13,344
2025-06-17 03:16:49,394
2025-06-17 04:27:14,345
2025-06-17 05:18:27,334
2025-06-17 06:28:15,315
2025-06-17 07:18:54,323
2025-06-17 08:26:21,283
2025-06-17 09:21:01,260
2025-06-17 10:20:34,282
2025-06-17 11:16:16,322
2025-06-17 12:39:55,459
2025-06-17 13:31:28,499
2025-06-17 14:19:11,566
2025-06-17 15:21:06,575
2025-06-17 16:24:55,423
2025-06-17 17:17:17,419
2025-06-17 18:27:09,434
2025-06-17 19:15:06,430
2025-06-17 20:20:08,395
2025-06-17 21:17:59,361
2025-06-17 22:17:32,278
2025-06-17 23:17:37,316
2025-06-18 01:37:09,359
2025-06-18 03:15:50,391
2025-06-18 04:27:29,384
2025-06-18 05:18:59,330
2025-06-18 06:28:04,295
2025-06-18 07:18:44,322
2025-06-18 08:26:05,330
2025-06-18 09:20:51,290
2025-06-18 10:20:11,281
2025-06-18 11:16:41,336
2025-06-18 12:39:37,444
2025-06-18 13:32:44,514
2025-06-18 14:19:00,574
2025-06-18 15:20:45,518
2025-06-18 16:24:33,454
2025-06-18 17:18:07,462
2025-06-18 18:26:59,430
2025-06-18 19:14:54,425
2025-06-18 20:21:57,370
2025-06-18 21:17:33,332
2025-06-18 22:17:42,326
2025-06-18 23:17:36,277
2025-06-19 01:38:24,326
2025-06-19 03:16:31,341
2025-06-19 04:26:59,345
2025-06-19 05:18:24,340
2025-06-19 06:28:19,282
2025-06-19 07:18:23,269
2025-06-19 08:26:03,312
2025-06-19 09:20:30,302
2025-06-19 10:20:19,279
2025-06-19 11:16:28,337
2025-06-19 12:38:55,441
2025-06-19 13:30:51,522
2025-06-19 14:18:02,577
2025-06-19 15:19:43,559
2025-06-19 16:23:19,548
2025-06-19 17:17:04,441
2025-06-19 18:25:40,411
2025-06-19 19:13:29,389
2025-06-19 20:21:48,372
2025-06-19 21:17:07,333
2025-06-19 22:17:33,351
2025-06-19 23:17:57,374
2025-06-20 01:37:30,400
2025-06-20 03:15:40,363
2025-06-20 04:26:09,400
2025-06-20 05:18:53,335
2025-06-20 06:28:07,303
2025-06-20 07:18:06,280
2025-06-20 08:25:28,269
2025-06-20 09:19:59,308
2025-06-20 10:19:59,280
2025-06-20 11:16:05,321
2025-06-20 12:38:48,424
2025-06-20 13:29:57,533
2025-06-20 14:17:55,557
2025-06-20 15:19:25,546
2025-06-20 16:23:05,548
2025-06-20 17:16:20,452
2025-06-20 18:26:21,381
2025-06-20 19:14:47,391
2025-06-20 20:20:12,412
2025-06-20 21:16:50,344
2025-06-20 22:17:31,340
2025-06-20 23:18:12,291
2025-06-21 01:27:48,404
2025-06-21 03:12:00,431
2025-06-21 04:23:10,441
2025-06-21 05:17:49,442
2025-06-21 06:25:28,404
2025-06-21 07:17:06,344
2025-06-21 08:22:30,418
2025-06-21 09:17:54,362
2025-06-21 10:18:10,387
2025-06-21 11:15:40,363
2025-06-21 12:35:06,439
2025-06-21 13:26:10,544
2025-06-21 14:16:55,559
2025-06-21 15:17:48,583
2025-06-21 16:21:34,550
2025-06-21 17:15:29,485
2025-06-21 18:23:41,415
2025-06-21 19:13:43,404
2025-06-21 20:18:57,411
2025-06-21 21:16:03,373
2025-06-21 22:16:30,361
2025-06-21 23:17:20,356
2025-06-22 01:45:10,415
2025-06-22 03:24:28,485
2025-06-22 04:29:25,487
2025-06-22 05:18:02,448
2025-06-22 06:26:11,401
2025-06-22 07:17:28,409
2025-06-22 08:22:41,394
2025-06-22 09:18:34,387
2025-06-22 10:18:27,350
2025-06-22 11:14:36,370
2025-06-22 12:35:08,432
2025-06-22 13:26:06,543
2025-06-22 14:16:29,586
2025-06-22 15:17:36,539
2025-06-22 16:21:24,499
2025-06-22 17:15:20,449
2025-06-22 18:24:27,442
2025-06-22 19:14:15,450
2025-06-22 20:19:17,406
2025-06-22 21:16:26,381
2025-06-22 22:16:56,390
2025-06-22 23:17:25,379
2025-06-23 01:43:48,370
2025-06-23 03:25:16,354
2025-06-23 04:32:58,329
2025-06-23 05:20:28,334
2025-06-23 06:29:36,306
2025-06-23 07:20:10,255
2025-06-23 08:27:19,239
2025-06-23 09:22:44,252
2025-06-23 10:21:30,271
2025-06-23 11:17:07,295
2025-06-23 12:40:18,393
2025-06-23 13:34:06,468
2025-06-23 14:19:46,514
2025-06-23 15:21:00,532
2025-06-23 16:24:56,419
2025-06-23 17:17:15,389
2025-06-23 18:27:13,344
2025-06-23 19:15:03,404
2025-06-23 20:21:15,355
2025-06-23 21:18:00,372
2025-06-23 22:18:25,318
2025-06-23 23:15:09,305
2025-06-24 01:38:37,389
2025-06-24 03:17:31,376
2025-06-24 04:28:26,337
2025-06-24 05:20:02,341
2025-06-24 06:29:07,324
2025-06-24 07:19:26,310
2025-06-24 08:27:09,287
2025-06-24 09:21:28,276
2025-06-24 10:20:55,296
2025-06-24 11:16:38,304
2025-06-24 12:39:27,370
2025-06-24 13:33:13,456
2025-06-24 14:19:15,549
2025-06-24 15:21:14,531
2025-06-24 16:24:42,486
2025-06-24 17:18:28,455
2025-06-24 18:27:04,405
2025-06-24 19:15:07,354
2025-06-24 20:21:28,369
2025-06-24 21:17:58,370
2025-06-24 22:18:06,245
2025-06-24 23:18:00,308
2025-06-25 01:39:00,360
2025-06-25 03:18:39,373
2025-06-25 04:29:10,327
2025-06-25 05:19:50,374
2025-06-25 06:29:11,297
2025-06-25 07:19:23,293
2025-06-25 08:27:08,287
2025-06-25 09:22:18,267
2025-06-25 10:20:44,265
2025-06-25 11:16:51,284
2025-06-25 12:39:43,401
2025-06-25 13:33:27,466
2025-06-25 14:19:11,485
2025-06-25 15:21:24,453
2025-06-25 16:25:02,438
2025-06-25 17:17:32,391
2025-06-25 18:27:42,353
2025-06-25 19:13:18,353
2025-06-25 20:21:31,363
2025-06-25 21:17:54,330
2025-06-25 22:17:49,243
2025-06-25 23:17:58,280
2025-06-26 01:37:41,322
2025-06-26 03:17:10,366
2025-06-26 04:28:03,351
2025-06-26 05:19:27,319
2025-06-26 06:29:13,301
2025-06-26 07:19:09,268
2025-06-26 08:26:15,280
2025-06-26 09:20:37,306
2025-06-26 10:20:26,298
2025-06-26 11:16:28,309
2025-06-26 12:39:23,372
2025-06-26 13:31:56,467
2025-06-26 14:18:23,494
2025-06-26 15:20:18,464
2025-06-26 16:24:01,432
2025-06-26 17:17:20,375
2025-06-26 18:27:31,386
2025-06-26 19:14:50,373
2025-06-26 20:20:49,367
2025-06-26 21:17:47,314
2025-06-26 22:18:03,294
2025-06-26 23:17:59,315
2025-06-27 01:39:02,323
2025-06-27 03:18:24,397
2025-06-27 04:27:39,361
2025-06-27 05:19:09,349
2025-06-27 06:28:39,334
2025-06-27 07:18:59,301
2025-06-27 08:25:53,308
2025-06-27 09:20:11,296
2025-06-27 10:20:37,279
2025-06-27 11:16:28,309
2025-06-27 12:38:20,426
2025-06-27 13:29:59,491
2025-06-27 14:18:30,551
2025-06-27 15:19:38,554
2025-06-27 16:24:01,472
2025-06-27 17:16:30,437
2025-06-27 18:26:37,376
2025-06-27 19:13:56,391
2025-06-27 20:20:24,367
2025-06-27 21:15:48,334
2025-06-27 22:19:39,303
2025-06-27 23:18:25,326
2025-06-28 01:27:07,371
2025-06-28 03:12:56,397
2025-06-28 04:22:40,383
2025-06-28 05:18:53,392
2025-06-28 06:25:30,415
2025-06-28 07:16:57,386
2025-06-28 08:22:41,378
2025-06-28 09:19:54,360
2025-06-28 10:18:11,353
2025-06-28 11:14:54,347
2025-06-28 12:35:23,412
2025-06-28 13:26:29,497
2025-06-28 14:15:43,482
2025-06-28 15:17:35,557
2025-06-28 16:21:33,500
2025-06-28 17:15:35,426
2025-06-28 18:24:24,392
2025-06-28 19:14:03,368
2025-06-28 20:19:27,362
2025-06-28 21:04:22,346
2025-06-28 22:04:26,342
2025-06-28 23:04:36,318
2025-06-29 00:24:47,338
2025-06-29 01:33:21,323
2025-06-29 02:43:49,433
2025-06-29 03:32:31,442
2025-06-29 04:15:24,424
2025-06-29 05:07:25,404
2025-06-29 06:06:32,436
2025-06-29 07:04:42,428
2025-06-29 08:06:09,418
2025-06-29 09:04:43,367
2025-06-29 10:04:56,347
2025-06-29 11:03:55,371
2025-06-29 12:07:22,397
2025-06-29 13:11:18,474
2025-06-29 14:04:26,546
2025-06-29 15:04:24,505
2025-06-29 16:05:06,479
2025-06-29 17:04:15,421
2025-06-29 18:05:42,405
2025-06-29 19:04:12,427
2025-06-29 20:04:58,443
2025-06-29 21:04:19,385
2025-06-29 22:04:36,369
2025-06-29 23:04:38,371
2025-06-30 00:23:49,325
2025-06-30 01:33:44,347
2025-06-30 02:40:16,404
2025-06-30 03:31:41,409
2025-06-30 04:14:05,360
2025-06-30 05:06:54,351
2025-06-30 06:07:35,324
2025-06-30 07:06:35,317
2025-06-30 08:07:23,296
2025-06-30 09:06:52,281
2025-06-30 10:05:30,302
2025-06-30 11:04:53,299
2025-06-30 12:08:38,356
2025-06-30 13:14:29,473
2025-06-30 14:05:04,495
2025-06-30 15:05:17,522
2025-06-30 16:05:47,456
2025-06-30 17:04:52,374
2025-06-30 18:06:42,390
2025-06-30 19:04:00,401
2025-06-30 20:05:28,322
2025-06-30 21:04:37,305
2025-06-30 22:04:55,325
2025-06-30 23:04:57,290
2025-07-01 00:25:28,291
2025-07-01 01:34:15,317
2025-07-01 02:45:09,378
2025-07-01 03:33:52,386
2025-07-01 04:18:04,370
2025-07-01 05:07:57,337
2025-07-01 06:07:31,308
2025-07-01 07:06:09,311
2025-07-01 08:06:53,322
2025-07-01 09:06:46,324
2025-07-01 10:05:33,331
2025-07-01 11:04:41,282
2025-07-01 12:08:44,351
2025-07-01 13:14:32,489
2025-07-01 14:04:53,517
2025-07-01 15:05:18,490
2025-07-01 16:05:47,471
2025-07-01 17:05:07,422
2025-07-01 18:06:40,617
2025-07-01 19:04:06,607
2025-07-01 20:05:29,564
2025-07-01 21:04:45,543
2025-07-01 22:04:46,514
2025-07-01 23:04:47,448
2025-07-02 00:21:58,453
2025-07-02 01:33:18,478
2025-07-02 02:36:27,532
2025-07-02 03:28:10,514
2025-07-02 04:11:34,496
2025-07-02 05:07:05,493
2025-07-02 06:07:31,454
2025-07-02 07:05:36,449
2025-07-02 08:06:51,421
2025-07-02 09:06:36,433
2025-07-02 10:05:25,391
2025-07-02 11:04:54,386
2025-07-02 12:08:21,491
2025-07-02 13:14:18,613
2025-07-02 14:05:03,684
2025-07-02 15:05:10,691
2025-07-02 16:05:55,592
2025-07-02 17:05:34,507
2025-07-02 18:06:59,538
2025-07-02 19:04:22,480
2025-07-02 20:05:23,452
2025-07-02 21:04:47,448
2025-07-02 22:04:49,381
2025-07-02 23:05:03,341
2025-07-03 00:22:23,383
2025-07-03 01:33:20,432
2025-07-03 02:37:23,503
2025-07-03 03:29:02,447
2025-07-03 04:12:50,434
2025-07-03 05:07:39,409
2025-07-03 06:07:27,414
2025-07-03 07:05:59,364
2025-07-03 08:06:47,375
2025-07-03 09:06:04,395
2025-07-03 10:05:53,367
2025-07-03 11:04:40,379
2025-07-03 12:08:44,453
2025-07-03 13:13:10,577
2025-07-03 14:04:56,549
2025-07-03 15:05:22,612
2025-07-03 16:06:01,534
2025-07-03 17:05:23,521
2025-07-03 18:06:26,479
2025-07-03 19:04:01,524
2025-07-03 20:05:13,0
2025-07-03 21:04:32,358
2025-07-03 22:04:43,321
2025-07-03 23:05:13,332
2025-07-04 00:21:58,360
2025-07-04 01:33:09,402
2025-07-04 02:36:05,438
2025-07-04 03:27:09,436
2025-07-04 04:11:23,420
2025-07-04 05:07:09,419
2025-07-04 06:07:12,398
2025-07-04 07:06:01,377
2025-07-04 08:06:37,415
2025-07-04 09:05:47,402
2025-07-04 10:05:21,368
2025-07-04 11:04:47,378
2025-07-04 12:08:18,404
2025-07-04 13:13:21,527
2025-07-04 14:04:55,645
2025-07-04 15:04:48,646
2025-07-04 16:05:24,611
2025-07-04 17:04:22,531
2025-07-04 18:06:14,469
2025-07-04 19:03:57,437
2025-07-04 20:05:18,429
2025-07-04 21:04:32,392
2025-07-04 22:04:45,405
2025-07-04 23:04:42,375
2025-07-05 00:20:58,342
2025-07-05 01:32:47,419
2025-07-05 02:34:30,495
2025-07-05 03:24:16,525
2025-07-05 04:08:12,496
2025-07-05 05:05:01,472
2025-07-05 06:06:21,452
2025-07-05 07:04:41,429
2025-07-05 08:05:51,433
2025-07-05 09:04:43,430
2025-07-05 10:04:50,393
2025-07-05 11:04:08,401
2025-07-05 12:09:55,445
2025-07-05 13:10:45,532
2025-07-05 14:04:27,594
2025-07-05 15:04:17,613
2025-07-05 16:05:37,577
2025-07-05 17:04:12,544
2025-07-05 18:05:50,435
2025-07-05 19:04:15,454
2025-07-05 20:04:56,431
2025-07-05 21:05:19,399
2025-07-05 22:04:21,391
2025-07-05 23:04:44,390
2025-07-06 00:24:33,403
2025-07-06 01:33:16,408
2025-07-06 02:42:46,470
2025-07-06 03:32:04,505
2025-07-06 04:14:33,505
2025-07-06 05:05:43,508
2025-07-06 06:06:39,489
2025-07-06 07:04:41,466
2025-07-06 08:05:57,461
2025-07-06 09:04:49,439
2025-07-06 10:04:55,422
2025-07-06 11:04:13,425
2025-07-06 12:07:25,471
2025-07-06 13:11:12,633
2025-07-06 14:04:31,671
2025-07-06 15:04:30,659
2025-07-06 16:05:12,612
2025-07-06 17:04:13,529
2025-07-06 18:05:43,476
2025-07-06 19:03:55,494
2025-07-06 20:05:16,503
2025-07-06 21:04:22,455
2025-07-06 22:04:44,363
2025-07-06 23:04:59,374
2025-07-07 00:24:01,372
2025-07-07 01:33:47,444
2025-07-07 02:40:42,433
2025-07-07 03:31:43,404
2025-07-07 04:14:37,421
2025-07-07 05:07:20,377
2025-07-07 06:07:52,359
2025-07-07 07:06:32,402
2025-07-07 08:07:29,410
2025-07-07 09:07:03,352
2025-07-07 10:05:36,328
2025-07-07 11:04:40,346
2025-07-07 12:08:23,420
2025-07-07 13:14:40,522
2025-07-07 14:05:26,567
2025-07-07 15:04:44,582
2025-07-07 16:05:46,515
2025-07-07 17:05:04,500
2025-07-07 18:06:33,408
2025-07-07 19:04:23,418
2025-07-07 20:05:50,391
2025-07-07 21:04:39,356
2025-07-07 22:04:43,368
2025-07-07 23:04:46,345
2025-07-08 00:22:04,336
2025-07-08 01:33:26,416
2025-07-08 02:37:25,433
2025-07-08 03:28:26,433
2025-07-08 04:11:50,369
2025-07-08 05:06:11,340
2025-07-08 06:07:14,372
2025-07-08 07:05:53,375
2025-07-08 08:06:51,370
2025-07-08 09:06:33,353
2025-07-08 10:05:25,356
2025-07-08 11:04:57,346
2025-07-08 12:08:44,394
2025-07-08 13:15:26,495
2025-07-08 14:05:17,551
2025-07-08 15:05:22,591
2025-07-08 16:05:56,493
2025-07-08 17:05:32,493
2025-07-08 18:06:38,561
2025-07-08 19:04:32,504
2025-07-08 20:05:32,485
2025-07-08 21:04:59,424
2025-07-08 22:04:48,401
2025-07-08 23:04:47,388
2025-07-09 00:22:37,431
2025-07-09 01:33:23,466
2025-07-09 02:38:32,462
2025-07-09 03:30:23,466
2025-07-09 04:13:53,454
2025-07-09 05:08:15,417
2025-07-09 06:07:20,423
2025-07-09 07:06:02,425
2025-07-09 08:06:39,402
2025-07-09 09:07:00,401
2025-07-09 10:05:37,358
2025-07-09 11:05:00,368
2025-07-09 12:08:45,450
2025-07-09 13:14:47,568
2025-07-09 14:05:12,597
2025-07-09 15:05:26,647
2025-07-09 16:05:00,539
2025-07-09 17:06:05,434
2025-07-09 18:06:35,459
2025-07-09 19:04:48,455
2025-07-09 20:05:20,402
2025-07-09 21:04:43,382
2025-07-09 22:04:53,370
2025-07-09 23:04:54,330
2025-07-10 00:22:21,358
2025-07-10 01:33:26,372
2025-07-10 02:38:30,458
2025-07-10 03:30:22,448
2025-07-10 04:12:46,450
2025-07-10 05:07:36,440
2025-07-10 06:07:26,386
2025-07-10 07:06:20,396
2025-07-10 08:07:05,417
2025-07-10 09:06:47,386
2025-07-10 10:05:30,364
2025-07-10 11:04:44,368
2025-07-10 12:08:32,406
2025-07-10 13:14:58,530
2025-07-10 14:05:42,577
2025-07-10 15:05:22,657
2025-07-10 16:05:52,540
2025-07-10 17:06:31,502
2025-07-10 18:06:41,448
2025-07-10 19:04:22,417
2025-07-10 20:05:24,391
2025-07-10 21:04:46,341
2025-07-10 22:04:46,352
2025-07-10 23:05:00,293
2025-07-11 00:22:29,359
2025-07-11 01:33:33,395
2025-07-11 02:40:47,439
2025-07-11 03:32:59,428
2025-07-11 04:17:02,428
2025-07-11 05:07:46,428
2025-07-11 06:07:26,373
2025-07-11 07:06:24,372
2025-07-11 08:06:40,370
2025-07-11 09:06:17,340
2025-07-11 10:05:16,324
2025-07-11 11:04:55,395
2025-07-11 12:08:18,430
2025-07-11 13:14:06,530
2025-07-11 14:05:30,557
2025-07-11 15:05:08,645
2025-07-11 16:05:40,580
2025-07-11 17:05:42,492
2025-07-11 18:06:31,502
2025-07-11 19:04:11,477
2025-07-11 20:05:32,479
2025-07-11 21:04:42,484
2025-07-11 22:04:38,484
2025-07-11 23:04:56,484
2025-07-12 00:22:05,478
2025-07-12 01:33:36,469
2025-07-12 02:40:36,557
2025-07-12 03:31:36,551
2025-07-12 04:12:41,534
2025-07-12 05:05:36,532
2025-07-12 06:06:36,497
2025-07-12 07:05:15,485
2025-07-12 08:05:56,440
2025-07-12 09:04:54,440
2025-07-12 10:04:44,427
2025-07-12 11:04:11,425
2025-07-12 12:07:22,482
2025-07-12 13:11:45,619
2025-07-12 14:04:25,624
2025-07-12 15:04:47,631
2025-07-12 16:05:13,584
2025-07-12 17:04:03,566
2025-07-12 18:06:20,541
2025-07-12 19:03:52,518
2025-07-12 20:04:47,493
2025-07-12 21:04:17,457
2025-07-12 22:04:43,473
2025-07-12 23:04:51,461
2025-07-13 00:25:11,436
2025-07-13 01:33:58,475
2025-07-13 02:46:35,548
2025-07-13 03:33:33,544
2025-07-13 04:17:43,546
2025-07-13 05:06:38,573
2025-07-13 06:06:35,557
2025-07-13 07:05:48,523
2025-07-13 08:06:09,495
2025-07-13 09:05:23,485
2025-07-13 10:04:46,478
2025-07-13 11:04:04,471
2025-07-13 12:07:51,534
2025-07-13 13:12:01,627
2025-07-13 14:04:22,668
2025-07-13 15:04:34,696
2025-07-13 16:05:26,597
2025-07-13 17:04:19,530
2025-07-13 18:06:10,511
2025-07-13 19:03:58,500
2025-07-13 20:04:57,485
2025-07-13 21:04:30,473
2025-07-13 22:04:31,454
2025-07-13 23:05:12,435
2025-07-14 00:24:14,411
2025-07-14 01:34:01,486
2025-07-14 02:44:16,493
2025-07-14 03:34:01,499
2025-07-14 04:20:23,418
2025-07-14 05:09:24,404
2025-07-14 06:08:07,376
2025-07-14 07:07:34,384
2025-07-14 08:07:46,413
2025-07-14 09:08:59,415
2025-07-14 10:06:04,373
2025-07-14 11:04:48,379
2025-07-14 12:08:41,470
2025-07-14 13:15:55,598
2025-07-14 14:05:36,615
2025-07-14 15:05:36,627
2025-07-14 16:06:14,584
2025-07-14 17:05:50,532
2025-07-14 18:06:57,458
2025-07-14 19:05:35,469
2025-07-14 20:05:32,474
2025-07-14 21:04:48,421
2025-07-14 22:04:50,355
2025-07-14 23:04:55,381
2025-07-15 00:23:24,392
2025-07-15 01:33:53,462
2025-07-15 02:43:26,511
2025-07-15 03:33:01,492
2025-07-15 04:18:13,458
2025-07-15 05:08:47,442
2025-07-15 06:07:27,437
2025-07-15 07:07:10,433
2025-07-15 08:07:14,399
2025-07-15 09:10:03,386
2025-07-15 10:05:30,378
2025-07-15 11:04:56,378
2025-07-15 12:08:53,438
2025-07-15 13:15:59,600
2025-07-15 14:05:52,712
2025-07-15 15:05:17,657
2025-07-15 16:05:57,575
2025-07-15 17:05:02,558
2025-07-15 18:06:58,612
2025-07-15 19:05:35,570
2025-07-15 20:05:32,503
2025-07-15 21:04:08,474
2025-07-15 22:04:58,531
2025-07-15 23:04:40,432
2025-07-16 00:22:50,480
2025-07-16 01:33:38,567
2025-07-16 02:41:12,609
2025-07-16 03:32:33,550
2025-07-16 04:17:22,522
2025-07-16 05:09:11,510
2025-07-16 06:07:24,469
2025-07-16 07:06:43,453
2025-07-16 08:06:51,497
2025-07-16 09:07:57,483
2025-07-16 10:05:49,465
2025-07-16 11:04:43,444
2025-07-16 12:08:55,527
2025-07-16 13:16:23,648
2025-07-16 14:05:26,738
2025-07-16 15:05:21,746
2025-07-16 16:06:14,637
2025-07-16 17:06:44,565
2025-07-16 18:06:45,534
2025-07-16 19:05:22,510
2025-07-16 20:05:36,511
2025-07-16 21:04:58,469
2025-07-16 22:04:52,436
2025-07-16 23:05:26,438
2025-07-17 00:23:15,460
2025-07-17 01:33:38,526
2025-07-17 02:41:29,566
2025-07-17 03:32:42,549
2025-07-17 04:17:13,523
2025-07-17 05:08:35,504
2025-07-17 06:07:22,501
2025-07-17 07:06:59,454
2025-07-17 08:06:58,437
2025-07-17 09:07:39,396
2025-07-17 10:05:40,391
2025-07-17 11:04:52,393
2025-07-17 12:08:51,443
2025-07-17 13:16:01,564
2025-07-17 14:04:21,648
2025-07-17 15:05:38,670
2025-07-17 16:05:48,591
2025-07-17 17:05:54,536
2025-07-17 18:06:51,519
2025-07-17 19:05:26,478
2025-07-17 20:05:34,450
2025-07-17 21:04:57,444
2025-07-17 22:05:03,396
2025-07-17 23:05:38,372
2025-07-18 00:22:37,424
2025-07-18 01:34:16,445
2025-07-18 02:42:57,493
2025-07-18 03:32:47,515
2025-07-18 04:18:24,429
2025-07-18 05:10:03,437
2025-07-18 06:07:23,433
2025-07-18 07:07:31,404
2025-07-18 08:06:49,383
2025-07-18 09:07:53,364
2025-07-18 10:05:27,365
2025-07-18 11:04:54,395
2025-07-18 12:08:53,473
2025-07-18 13:16:22,575
2025-07-18 14:05:26,659
2025-07-18 15:05:22,684
2025-07-18 16:06:54,609
2025-07-18 17:07:03,531
2025-07-18 18:06:39,486
2025-07-18 19:05:08,483
2025-07-18 20:05:40,442
2025-07-18 21:04:39,441
2025-07-18 22:05:10,415
2025-07-18 23:05:06,422
2025-07-19 00:22:29,452
2025-07-19 01:33:22,457
2025-07-19 02:37:55,541
2025-07-19 03:30:27,548
2025-07-19 04:12:03,541
2025-07-19 05:07:21,535
2025-07-19 06:06:50,492
2025-07-19 07:05:12,440
2025-07-19 08:06:10,446
2025-07-19 09:04:50,447
2025-07-19 10:05:06,433
2025-07-19 11:04:26,380
2025-07-19 12:07:38,460
2025-07-19 13:12:36,578
2025-07-19 14:04:24,659
2025-07-19 15:04:44,691
2025-07-19 16:05:12,643
2025-07-19 17:04:31,614
2025-07-19 18:06:10,555
2025-07-19 19:04:08,495
2025-07-19 20:04:55,437
2025-07-19 21:04:32,464
2025-07-19 22:04:49,442
2025-07-19 23:05:00,429
2025-07-20 00:25:50,550
2025-07-20 01:33:52,541
2025-07-20 02:48:04,596
2025-07-20 03:35:14,608
2025-07-20 04:20:14,518
2025-07-20 05:09:21,519
2025-07-20 06:07:08,523
2025-07-20 07:04:45,559
2025-07-20 08:06:15,549
2025-07-20 09:04:49,512
2025-07-20 10:04:48,447
2025-07-20 11:04:05,493
2025-07-20 12:08:10,528
2025-07-20 13:13:27,640
2025-07-20 14:04:22,744
2025-07-20 15:04:43,749
2025-07-20 16:05:13,646
2025-07-20 17:04:22,577
2025-07-20 18:06:20,548
2025-07-20 19:04:00,517
2025-07-20 20:05:11,495
2025-07-20 21:04:27,487
2025-07-20 22:04:48,465
2025-07-20 23:04:47,469
2025-07-21 00:24:52,448
2025-07-21 01:34:25,516
2025-07-21 02:47:37,507
2025-07-21 03:34:46,522
2025-07-21 04:20:44,495
2025-07-21 05:10:34,451
2025-07-21 06:08:02,440
2025-07-21 07:09:12,401
2025-07-21 08:08:03,434
2025-07-21 09:08:52,406
2025-07-21 10:05:54,401
2025-07-21 11:05:01,408
2025-07-21 12:09:28,505
2025-07-21 13:16:49,611
2025-07-21 14:06:14,702
2025-07-21 15:05:48,635
2025-07-21 16:05:52,641
2025-07-21 17:06:33,524
2025-07-21 18:06:54,479
2025-07-21 19:05:43,424
2025-07-21 20:05:39,416
2025-07-21 21:04:52,409
2025-07-21 22:05:21,400
2025-07-21 23:05:15,384
2025-07-22 00:23:28,415
2025-07-22 01:33:40,470
2025-07-22 02:42:37,475
2025-07-22 03:33:07,506
2025-07-22 04:18:24,452
2025-07-22 05:08:46,453
2025-07-22 06:07:36,451
2025-07-22 07:07:24,435
2025-07-22 08:07:17,432
2025-07-22 09:07:51,426
2025-07-22 10:05:37,374
2025-07-22 11:04:47,390
2025-07-22 12:08:32,482
2025-07-22 13:16:42,571
2025-07-22 14:06:29,660
2025-07-22 15:05:16,685
2025-07-22 16:06:18,628
2025-07-22 17:06:40,600
2025-07-22 18:06:58,490
2025-07-22 19:05:28,438
2025-07-22 20:05:54,432
2025-07-22 21:04:53,428
2025-07-22 22:05:10,457
2025-07-22 23:05:20,419
2025-07-23 00:23:14,465
2025-07-23 01:33:52,454
2025-07-23 02:43:09,522
2025-07-23 03:33:22,513
2025-07-23 04:19:20,498
2025-07-23 05:10:52,488
2025-07-23 06:07:47,434
2025-07-23 07:07:57,400
2025-07-23 08:07:18,424
2025-07-23 09:08:31,396
2025-07-23 10:05:44,372
2025-07-23 11:04:59,392
2025-07-23 12:08:53,448
2025-07-23 13:16:45,543
2025-07-23 14:06:08,718
2025-07-23 15:06:14,660
2025-07-23 16:06:15,585
2025-07-23 17:07:08,511
2025-07-23 18:06:32,457
2025-07-23 19:05:40,470
2025-07-23 20:05:43,434
2025-07-23 21:05:14,420
2025-07-23 22:04:51,407
2025-07-23 23:05:00,372
2025-07-24 00:23:23,442
2025-07-24 01:33:40,457
2025-07-24 02:42:41,503
2025-07-24 03:33:03,503
2025-07-24 04:18:42,496
2025-07-24 05:09:13,424
2025-07-24 06:07:35,397
2025-07-24 07:07:15,430
2025-07-24 08:07:12,386
2025-07-24 09:07:53,356
2025-07-24 10:05:56,353
2025-07-24 11:04:55,390
2025-07-24 12:08:55,415
2025-07-24 13:16:42,565
2025-07-24 14:06:16,615
2025-07-24 15:05:33,594
2025-07-24 16:05:47,554
2025-07-24 17:06:20,499
2025-07-24 18:06:42,455
2025-07-24 19:05:41,422
2025-07-24 20:04:52,396
2025-07-24 21:05:15,397
2025-07-24 22:05:02,381
2025-07-24 23:05:16,412
2025-07-25 00:23:28,401
2025-07-25 01:33:39,462
2025-07-25 02:42:24,493
2025-07-25 03:32:57,550
2025-07-25 04:18:17,493
2025-07-25 05:10:20,492
2025-07-25 06:07:36,443
2025-07-25 07:07:26,431
2025-07-25 08:07:00,450
2025-07-25 09:07:35,367
2025-07-25 10:05:36,395
2025-07-25 11:04:53,394
2025-07-25 12:08:45,498
2025-07-25 13:15:55,588
2025-07-25 14:05:55,666
2025-07-25 15:05:25,654
2025-07-25 16:05:49,606
2025-07-25 17:06:13,572
2025-07-25 18:06:43,503
2025-07-25 19:05:13,445
2025-07-25 20:05:29,419
2025-07-25 21:04:47,392
2025-07-25 22:04:48,339
2025-07-25 23:05:16,369
2025-07-26 00:22:25,378
2025-07-26 01:33:12,398
2025-07-26 02:39:00,459
2025-07-26 03:32:33,500
2025-07-26 04:16:06,528
2025-07-26 05:07:37,459
2025-07-26 06:06:50,460
2025-07-26 07:05:40,428
2025-07-26 08:06:14,429
2025-07-26 09:04:52,410
2025-07-26 10:04:47,396
2025-07-26 11:04:34,450
2025-07-26 12:07:49,472
2025-07-26 13:12:51,556
2025-07-26 14:04:23,613
2025-07-26 15:04:43,674
2025-07-26 16:05:25,632
2025-07-26 17:04:15,582
2025-07-26 18:06:21,545
2025-07-26 19:04:03,490
2025-07-26 20:05:06,473
2025-07-26 21:04:24,442
2025-07-26 22:04:44,374
2025-07-26 23:04:53,376
2025-07-27 00:25:49,383
2025-07-27 01:34:08,442
2025-07-27 02:49:03,502
2025-07-27 03:35:15,457
2025-07-27 04:21:15,458
2025-07-27 05:09:37,448
2025-07-27 06:07:00,474
2025-07-27 07:05:37,442
2025-07-27 08:06:11,452
2025-07-27 09:04:58,442
2025-07-27 10:05:08,377
2025-07-27 11:04:14,409
2025-07-27 12:08:18,496
2025-07-27 13:13:18,580
2025-07-27 14:04:30,668
2025-07-27 15:04:51,587
2025-07-27 16:05:28,563
2025-07-27 17:04:02,469
2025-07-27 18:06:22,480
2025-07-27 19:04:43,459
2025-07-27 20:05:19,461
2025-07-27 21:04:36,419
2025-07-27 22:04:43,371
2025-07-27 23:04:59,382
2025-07-28 00:25:08,407
2025-07-28 01:34:20,381
2025-07-28 02:47:45,429
2025-07-28 03:35:00,459
2025-07-28 04:21:43,393
2025-07-28 05:11:46,395
2025-07-28 06:08:55,388
2025-07-28 07:08:58,359
2025-07-28 08:07:58,369
2025-07-28 09:08:49,366
2025-07-28 10:05:49,343
2025-07-28 11:04:53,382
2025-07-28 12:09:15,424
2025-07-28 13:17:21,532
2025-07-28 14:07:06,603
2025-07-28 15:06:01,544
2025-07-28 16:06:06,502
2025-07-28 17:07:25,473
2025-07-28 18:07:02,443
2025-07-28 19:06:11,390
2025-07-28 20:05:43,414
2025-07-28 21:05:02,385
2025-07-28 22:04:59,358
2025-07-28 23:05:21,297
2025-07-29 00:25:37,337
2025-07-29 01:34:58,405
2025-07-29 02:49:48,456
2025-07-29 03:36:55,463
2025-07-29 04:22:47,399
2025-07-29 05:12:05,391
2025-07-29 06:08:06,372
2025-07-29 07:07:52,392
2025-07-29 08:07:28,374
2025-07-29 09:08:35,366
2025-07-29 10:05:47,365
2025-07-29 11:05:12,385
2025-07-29 12:09:38,449
2025-07-29 13:17:48,555
2025-07-29 14:07:40,587
2025-07-29 15:07:01,528
2025-07-29 16:06:54,520
2025-07-29 17:07:11,480
2025-07-29 18:07:24,489
2025-07-29 19:06:49,446
2025-07-29 20:05:48,402
2025-07-29 21:05:14,418
2025-07-29 22:05:06,0
2025-07-29 23:05:13,344
2025-07-30 00:23:52,440
2025-07-30 01:33:59,424
2025-07-30 02:45:26,466
2025-07-30 03:34:17,469
2025-07-30 04:20:53,460
2025-07-30 05:11:30,420
2025-07-30 06:08:29,348
2025-07-30 07:08:38,359
2025-07-30 08:07:13,400
2025-07-30 09:09:21,379
2025-07-30 10:06:02,368
2025-07-30 11:05:06,372
2025-07-30 12:09:09,410
2025-07-30 13:17:38,540
2025-07-30 14:06:54,545
2025-07-30 15:05:27,542
2025-07-30 16:06:06,490
2025-07-30 17:06:31,463
2025-07-30 18:07:03,438
2025-07-30 19:06:08,416
2025-07-30 20:05:00,418
2025-07-30 21:04:56,411
2025-07-30 22:05:08,355
2025-07-30 23:05:08,343
2025-07-31 00:23:15,369
2025-07-31 01:33:50,396
2025-07-31 02:44:30,400
2025-07-31 03:34:19,433
2025-07-31 04:20:09,379
2025-07-31 05:10:21,381
2025-07-31 06:07:40,348
2025-07-31 07:07:40,340
2025-07-31 08:07:53,383
2025-07-31 09:08:24,362
2025-07-31 10:05:42,344
2025-07-31 11:05:00,392
2025-07-31 12:08:16,457
2025-07-31 13:16:53,528
2025-07-31 14:06:22,516
2025-07-31 15:05:37,547
2025-07-31 16:06:13,471
2025-07-31 17:06:55,405
2025-07-31 18:06:56,380
2025-07-31 19:06:24,391
2025-07-31 20:05:35,406
2025-07-31 21:05:02,390
2025-07-31 22:05:05,353
2025-07-31 23:05:21,341
2025-08-01 00:26:52,316
2025-08-01 01:34:40,346
2025-08-01 02:52:02,424
2025-08-01 03:40:36,417
2025-08-01 04:27:15,401
2025-08-01 05:13:36,415
2025-08-01 06:08:47,384
2025-08-01 07:08:52,359
2025-08-01 08:07:26,350
2025-08-01 09:08:33,379
2025-08-01 10:05:42,337
2025-08-01 11:04:56,324
2025-08-01 12:08:55,391
2025-08-01 13:16:51,506
2025-08-01 14:06:33,587
2025-08-01 15:05:36,593
2025-08-01 16:06:05,489
2025-08-01 17:07:04,510
2025-08-01 18:06:49,495
2025-08-01 19:05:35,432
2025-08-01 20:05:38,403
2025-08-01 21:04:48,374
2025-08-01 22:05:12,349
2025-08-01 23:05:15,308
2025-08-02 00:22:32,353
2025-08-02 01:33:21,390
2025-08-02 02:39:34,441
2025-08-02 03:31:55,488
2025-08-02 04:15:23,467
2025-08-02 05:07:31,461
2025-08-02 06:06:33,400
2025-08-02 07:05:14,424
2025-08-02 08:06:19,410
2025-08-02 09:05:38,390
2025-08-02 10:04:48,389
2025-08-02 11:04:26,375
2025-08-02 12:08:08,447
2025-08-02 13:13:21,475
2025-08-02 14:04:36,527
2025-08-02 15:04:39,583
2025-08-02 16:05:17,526
2025-08-02 17:04:27,538
2025-08-02 18:06:19,491
2025-08-02 19:04:16,441
2025-08-02 20:05:11,425
2025-08-02 21:04:32,457
2025-08-02 22:04:41,434
2025-08-02 23:04:51,366
2025-08-03 00:26:17,423
2025-08-03 01:34:21,418
2025-08-03 02:50:37,459
2025-08-03 03:37:38,436
2025-08-03 04:23:32,429
2025-08-03 05:11:23,445
2025-08-03 06:07:03,458
2025-08-03 07:05:29,461
2025-08-03 08:06:16,430
2025-08-03 09:04:59,419
2025-08-03 10:04:55,386
2025-08-03 11:04:33,395
2025-08-03 12:08:03,460
2025-08-03 13:14:43,543
2025-08-03 14:04:27,636
2025-08-03 15:04:38,581
2025-08-03 16:05:24,557
2025-08-03 17:04:46,518
2025-08-03 18:06:30,473
2025-08-03 19:04:35,509
2025-08-03 20:05:29,473
2025-08-03 21:04:38,431
2025-08-03 22:04:57,418
2025-08-03 23:05:11,375
2025-08-04 00:25:43,413
2025-08-04 01:35:07,426
2025-08-04 02:51:21,419
2025-08-04 03:40:50,412
2025-08-04 04:28:08,366
2025-08-04 05:16:50,339
2025-08-04 06:10:43,338
2025-08-04 07:11:49,338
2025-08-04 08:07:36,328
2025-08-04 09:10:17,338
2025-08-04 10:07:01,344
2025-08-04 11:05:37,329
2025-08-04 12:09:21,419
2025-08-04 13:18:21,475
2025-08-04 14:07:58,553
2025-08-04 15:05:44,531
2025-08-04 16:06:46,455
2025-08-04 17:08:18,406
2025-08-04 18:07:18,406
2025-08-04 19:06:50,376
2025-08-04 20:05:44,430
2025-08-04 21:05:10,365
2025-08-04 22:05:10,336
2025-08-04 23:05:18,357
2025-08-05 00:23:59,333
2025-08-05 01:34:25,405
2025-08-05 02:47:15,464
2025-08-05 03:35:46,421
2025-08-05 04:23:09,419
2025-08-05 05:12:32,388
2025-08-05 06:08:39,374
2025-08-05 07:09:01,331
2025-08-05 08:07:13,366
2025-08-05 09:08:40,331
2025-08-05 10:05:48,337
2025-08-05 11:05:19,351
2025-08-05 12:09:42,415
2025-08-05 13:18:10,551
2025-08-05 14:08:29,575
2025-08-05 15:06:54,542
2025-08-05 16:05:26,493
2025-08-05 17:05:24,454
2025-08-05 18:07:37,404
2025-08-05 19:07:12,410
2025-08-05 20:05:40,370
2025-08-05 21:04:51,369
2025-08-05 22:05:09,321
2025-08-05 23:05:01,305
2025-08-06 00:23:38,353
2025-08-06 01:34:24,341
2025-08-06 02:46:06,431
2025-08-06 03:34:43,423
2025-08-06 04:21:40,397
2025-08-06 05:12:28,425
2025-08-06 06:08:38,368
2025-08-06 07:08:46,335
2025-08-06 08:07:20,316
2025-08-06 09:09:02,340
2025-08-06 10:05:58,349
2025-08-06 11:05:17,332
2025-08-06 12:09:53,373
2025-08-06 13:18:16,476
2025-08-06 14:07:47,551
2025-08-06 15:06:35,563
2025-08-06 16:06:53,423
2025-08-06 17:07:39,390
2025-08-06 18:07:23,379
2025-08-06 19:06:17,389
2025-08-06 20:05:50,356
2025-08-06 21:04:54,356
2025-08-06 22:05:03,361
2025-08-06 23:05:26,306
2025-08-07 00:23:55,304
2025-08-07 01:34:06,364
2025-08-07 02:45:58,398
2025-08-07 03:34:46,433
2025-08-07 04:21:36,390
2025-08-07 05:12:16,411
2025-08-07 06:08:25,392
2025-08-07 07:08:44,345
2025-08-07 08:07:27,340
2025-08-07 09:08:28,318
2025-08-07 10:05:32,322
2025-08-07 11:05:20,290
2025-08-07 12:09:36,383
2025-08-07 13:18:00,492
2025-08-07 14:07:41,514
2025-08-07 15:06:07,461
2025-08-07 16:06:16,441
2025-08-07 17:07:04,404
2025-08-07 18:07:12,376
2025-08-07 19:06:28,357
2025-08-07 20:05:46,338
2025-08-07 21:04:13,340
2025-08-07 22:05:13,312
2025-08-07 23:05:30,306
2025-08-08 00:23:32,345
2025-08-08 01:34:05,341
2025-08-08 02:45:39,393
2025-08-08 03:34:33,345
2025-08-08 04:21:20,339
2025-08-08 05:11:53,335
2025-08-08 06:08:23,300
2025-08-08 07:09:04,289
2025-08-08 08:07:24,349
2025-08-08 09:08:41,321
2025-08-08 10:05:33,313
2025-08-08 11:05:17,295
2025-08-08 12:09:02,347
2025-08-08 13:17:02,427
2025-08-08 14:06:38,532
2025-08-08 15:05:35,508
2025-08-08 16:05:16,471
2025-08-08 17:04:52,490
2025-08-08 18:06:11,377
2025-08-08 19:04:34,361
2025-08-08 20:05:23,316
2025-08-08 21:04:46,374
2025-08-08 22:04:53,277
2025-08-08 23:04:58,308
2025-08-09 00:21:34,347
2025-08-09 01:33:02,351
2025-08-09 02:36:29,374
2025-08-09 03:28:56,389
2025-08-09 04:11:14,423
2025-08-09 05:05:37,427
2025-08-09 06:06:40,384
2025-08-09 07:04:56,393
2025-08-09 08:05:57,408
2025-08-09 09:05:02,381
2025-08-09 10:04:48,340
2025-08-09 11:04:09,366
2025-08-09 12:07:49,423
2025-08-09 13:12:29,440
2025-08-09 14:04:35,523
2025-08-09 15:04:41,547
2025-08-09 16:05:10,553
2025-08-09 17:04:04,444
2025-08-09 18:06:29,457
2025-08-09 19:03:55,351
2025-08-09 20:05:09,379
2025-08-09 21:04:26,368
2025-08-09 22:04:40,358
2025-08-09 23:04:51,292
2025-08-10 00:25:40,324
2025-08-10 01:33:48,787
2025-08-10 02:47:42,799
2025-08-10 03:34:36,820
2025-08-10 04:19:58,803
2025-08-10 05:07:51,812
2025-08-10 06:06:46,813
2025-08-10 07:04:45,835
2025-08-10 08:06:15,811
2025-08-10 09:05:00,789
2025-08-10 10:04:52,755
2025-08-10 11:04:07,770
2025-08-10 12:07:56,802
2025-08-10 13:12:35,880
2025-08-10 14:04:34,931
2025-08-10 15:04:37,981
2025-08-10 16:05:14,533
2025-08-10 17:04:02,419
2025-08-10 18:06:15,389
2025-08-10 19:04:06,354
2025-08-10 20:05:13,351
2025-08-10 21:04:30,335
2025-08-10 22:04:51,299
2025-08-10 23:04:53,279
2025-08-11 00:24:42,307
2025-08-11 01:34:23,383
2025-08-11 02:45:39,388
2025-08-11 03:34:36,392
2025-08-11 04:20:45,363
2025-08-11 05:10:43,340
2025-08-11 06:08:21,312
2025-08-11 07:08:19,267
2025-08-11 08:07:54,300
2025-08-11 09:08:05,329
2025-08-11 10:05:53,284
2025-08-11 11:05:17,248
2025-08-11 12:09:06,354
2025-08-11 13:16:48,443
2025-08-11 14:06:09,518
2025-08-11 15:05:50,486
2025-08-11 16:06:13,411
2025-08-11 17:06:17,409
2025-08-11 18:06:55,412
2025-08-11 19:05:43,375
2025-08-11 20:05:45,354
2025-08-11 21:04:55,303
2025-08-11 22:04:53,283
2025-08-11 23:05:00,284
2025-08-12 00:21:48,311
2025-08-12 01:33:06,363
2025-08-12 02:35:44,374
2025-08-12 03:27:15,390
2025-08-12 04:10:28,386
2025-08-12 05:05:37,358
2025-08-12 06:07:18,320
2025-08-12 07:06:10,314
2025-08-12 08:06:54,311
2025-08-12 09:06:32,334
2025-08-12 10:05:34,313
2025-08-12 11:04:45,302
2025-08-12 12:08:32,368
2025-08-12 13:14:46,479
2025-08-12 14:05:30,507
2025-08-12 15:05:32,482
2025-08-12 16:05:44,476
2025-08-12 17:05:55,441
2025-08-12 18:06:47,404
2025-08-12 19:04:43,363
2025-08-12 20:05:25,336
2025-08-12 21:04:42,285
2025-08-12 22:05:00,248
2025-08-12 23:05:05,259
2025-08-13 00:22:29,297
2025-08-13 01:33:22,343
2025-08-13 02:36:40,391
2025-08-13 03:29:13,415
2025-08-13 04:11:44,357
2025-08-13 05:06:45,355
2025-08-13 06:07:43,364
2025-08-13 07:06:28,394
2025-08-13 08:06:48,375
2025-08-13 09:06:51,346
2025-08-13 10:05:24,287
2025-08-13 11:05:03,334
2025-08-13 12:08:40,379
2025-08-13 13:15:38,459
2025-08-13 14:05:55,505
2025-08-13 15:04:39,518
2025-08-13 16:04:56,474
2025-08-13 17:04:41,425
2025-08-13 18:07:11,414
2025-08-13 19:04:27,346
2025-08-13 20:05:19,364
2025-08-13 21:04:31,349
2025-08-13 22:05:20,295
2025-08-13 23:05:17,268
2025-08-14 00:21:57,282
2025-08-14 01:33:36,364
2025-08-14 02:37:30,379
2025-08-14 03:29:30,401
2025-08-14 04:11:29,368
2025-08-14 05:06:10,362
2025-08-14 06:07:27,338
2025-08-14 07:06:21,377
2025-08-14 08:06:59,330
2025-08-14 09:06:55,297
2025-08-14 10:05:30,286
2025-08-14 11:04:42,296
2025-08-14 12:08:56,386
2025-08-14 13:15:58,482
2025-08-14 14:05:05,518
2025-08-14 15:05:49,510
2025-08-14 16:06:05,431
2025-08-14 17:05:21,377
2025-08-14 18:06:38,373
2025-08-14 19:04:55,333
2025-08-14 20:05:44,295
2025-08-14 21:04:47,266
2025-08-14 22:04:53,275
2025-08-14 23:05:08,267
2025-08-15 00:22:56,278
2025-08-15 01:33:25,371
2025-08-15 02:38:48,403
2025-08-15 03:30:00,363
2025-08-15 04:11:37,341
2025-08-15 05:06:03,316
2025-08-15 06:07:14,301
2025-08-15 07:05:45,319
2025-08-15 08:07:16,292
2025-08-15 09:05:25,308
2025-08-15 10:05:11,332
2025-08-15 11:04:31,304
2025-08-15 12:08:20,344
2025-08-15 13:13:08,504
2025-08-15 14:05:03,500
2025-08-15 15:05:16,511
2025-08-15 16:05:33,508
2025-08-15 17:04:49,425
2025-08-15 18:06:49,358
2025-08-15 19:04:14,311
2025-08-15 20:05:19,374
2025-08-15 21:04:22,336
2025-08-15 22:04:55,309
2025-08-15 23:05:08,324
2025-08-16 00:21:08,340
2025-08-16 01:32:46,385
2025-08-16 02:34:49,429
2025-08-16 03:25:02,419
2025-08-16 04:07:55,436
2025-08-16 05:05:12,418
2025-08-16 06:06:23,401
2025-08-16 07:04:29,361
2025-08-16 08:06:07,382
2025-08-16 09:05:00,392
2025-08-16 10:04:51,359
2025-08-16 11:04:01,364
2025-08-16 12:07:48,387
2025-08-16 13:11:16,476
2025-08-16 14:04:20,505
2025-08-16 15:04:28,543
2025-08-16 16:05:05,502
2025-08-16 17:04:06,464
2025-08-16 18:05:52,459
2025-08-16 19:03:56,420
2025-08-16 20:05:01,420
2025-08-16 21:04:07,430
2025-08-16 22:04:14,395
2025-08-16 23:04:44,337
2025-08-17 00:24:09,340
2025-08-17 01:33:19,417
2025-08-17 02:41:26,446
2025-08-17 03:31:52,433
2025-08-17 04:13:57,407
2025-08-17 05:05:36,414
2025-08-17 06:06:34,395
2025-08-17 07:05:08,409
2025-08-17 08:06:04,457
2025-08-17 09:04:53,468
2025-08-17 10:05:09,374
2025-08-17 11:04:00,366
2025-08-17 12:07:56,411
2025-08-17 13:11:40,543
2025-08-17 14:04:18,575
2025-08-17 15:04:30,577
2025-08-17 16:05:08,516
2025-08-17 17:04:15,439
2025-08-17 18:06:04,414
2025-08-17 19:04:04,391
2025-08-17 20:05:24,395
2025-08-17 21:04:15,390
2025-08-17 22:04:48,378
2025-08-17 23:04:55,334
2025-08-18 00:24:16,340
2025-08-18 01:34:05,388
2025-08-18 02:43:05,396
2025-08-18 03:33:29,369
2025-08-18 04:18:43,348
2025-08-18 05:08:08,353
2025-08-18 06:08:06,328
2025-08-18 07:07:25,308
2025-08-18 08:07:29,311
2025-08-18 09:07:40,351
2025-08-18 10:06:05,288
2025-08-18 11:04:34,296
2025-08-18 12:08:49,377
2025-08-18 13:16:05,463
2025-08-18 14:05:43,518
2025-08-18 15:05:42,510
2025-08-18 16:06:22,464
2025-08-18 17:05:59,384
2025-08-18 18:07:04,372
2025-08-18 19:05:14,294
2025-08-18 20:05:25,305
2025-08-18 21:04:52,325
2025-08-18 22:04:44,311
2025-08-18 23:04:47,276
2025-08-19 00:21:46,297
2025-08-19 01:32:46,322
2025-08-19 02:34:06,391
2025-08-19 03:22:44,378
2025-08-19 04:06:16,362
2025-08-19 05:05:27,362
2025-08-19 06:07:09,345
2025-08-19 07:05:19,309
2025-08-19 08:06:53,311
2025-08-19 09:05:28,316
2025-08-19 10:05:08,305
2025-08-19 11:04:36,310
2025-08-19 12:08:21,365
2025-08-19 13:12:34,442
2025-08-19 14:05:04,516
2025-08-19 15:05:25,496
2025-08-19 16:05:53,456
2025-08-19 17:04:44,417
2025-08-19 18:06:53,412
2025-08-19 19:04:18,378
2025-08-19 20:05:12,349
2025-08-19 21:04:39,349
2025-08-19 22:04:36,311
2025-08-19 23:04:34,284
2025-08-20 00:20:49,313
2025-08-20 01:32:59,338
2025-08-20 02:33:40,403
2025-08-20 03:21:43,394
2025-08-20 04:05:45,362
2025-08-20 05:05:34,347
2025-08-20 06:07:16,323
2025-08-20 07:05:19,312
2025-08-20 08:06:44,329
2025-08-20 09:05:55,306
2025-08-20 10:05:04,312
2025-08-20 11:04:50,271
2025-08-20 12:08:24,372
2025-08-20 13:13:18,452
2025-08-20 14:05:06,494
2025-08-20 15:05:10,513
2025-08-20 16:06:11,460
2025-08-20 17:04:41,394
2025-08-20 18:06:45,362
2025-08-20 19:04:14,346
2025-08-20 20:05:27,347
2025-08-20 21:04:41,310
2025-08-20 22:04:18,276
2025-08-20 23:04:42,266
2025-08-21 00:20:04,283
2025-08-21 01:32:44,324
2025-08-21 02:33:51,323
2025-08-21 03:21:19,357
2025-08-21 04:06:05,324
2025-08-21 05:05:24,301
2025-08-21 06:07:29,324
2025-08-21 07:07:27,271
2025-08-21 08:07:03,298
2025-08-21 09:05:40,322
2025-08-21 10:05:12,301
2025-08-21 11:04:34,309
2025-08-21 12:08:20,368
2025-08-21 13:12:36,416
2025-08-21 14:05:03,505
2025-08-21 15:05:26,495
2025-08-21 16:10:44,475
2025-08-21 17:04:44,398
2025-08-21 18:07:01,372
2025-08-21 19:04:22,302
2025-08-21 20:05:08,322
2025-08-21 21:04:31,282
2025-08-21 22:04:38,268
2025-08-21 23:04:53,270
2025-08-22 00:20:49,285
2025-08-22 01:32:45,328
2025-08-22 02:33:48,352
2025-08-22 03:21:34,344
2025-08-22 04:05:37,311
2025-08-22 05:05:25,306
2025-08-22 06:07:02,323
2025-08-22 07:04:55,312
2025-08-22 08:06:51,386
2025-08-22 09:05:34,346
2025-08-22 10:05:02,314
2025-08-22 11:04:31,289
2025-08-22 12:08:09,326
2025-08-22 13:12:01,448
2025-08-22 14:04:50,492
2025-08-22 15:05:08,575
2025-08-22 16:05:49,463
2025-08-22 17:04:42,429
2025-08-22 18:06:34,411
2025-08-22 19:04:25,330
2025-08-22 20:05:10,329
2025-08-22 21:04:23,291
2025-08-22 22:04:29,259
2025-08-22 23:04:42,290
2025-08-23 00:20:26,303
2025-08-23 01:32:19,343
2025-08-23 02:31:47,353
2025-08-23 03:19:03,383
2025-08-23 04:05:30,388
2025-08-23 05:04:39,385
2025-08-23 06:06:28,412
2025-08-23 07:04:37,344
2025-08-23 08:05:34,368
2025-08-23 09:04:35,337
2025-08-23 10:04:36,316
2025-08-23 11:04:10,321
2025-08-23 12:07:28,376
2025-08-23 13:09:10,502
2025-08-23 14:04:21,566
2025-08-23 15:04:20,588
2025-08-23 16:04:36,577
2025-08-23 17:04:10,492
2025-08-23 18:05:34,434
2025-08-23 19:04:06,382
2025-08-23 20:04:45,389
2025-08-23 21:04:18,376
2025-08-23 22:04:23,350
2025-08-23 23:04:36,316
2025-08-24 00:23:19,369
2025-08-24 01:32:59,359
2025-08-24 02:37:17,412
2025-08-24 03:27:51,423
2025-08-24 04:09:14,401
2025-08-24 05:04:49,383
2025-08-24 06:06:33,397
2025-08-24 07:04:50,410
2025-08-24 08:05:42,399
2025-08-24 09:04:35,397
2025-08-24 10:04:39,341
2025-08-24 11:04:15,343
2025-08-24 12:07:36,401
2025-08-24 13:09:36,474
2025-08-24 14:04:12,551
2025-08-24 15:04:21,608
2025-08-24 16:04:52,527
2025-08-24 17:04:18,459
2025-08-24 18:05:54,412
2025-08-24 19:04:14,432
2025-08-24 20:04:48,438
2025-08-24 21:04:18,362
2025-08-24 22:04:38,364
2025-08-24 23:04:36,374
2025-08-25 00:22:13,378
2025-08-25 01:33:13,343
2025-08-25 02:35:30,395
2025-08-25 03:25:43,385
2025-08-25 04:09:27,404
2025-08-25 05:05:45,387
2025-08-25 06:08:00,312
2025-08-25 07:05:39,336
2025-08-25 08:07:10,328
2025-08-25 09:06:03,316
2025-08-25 10:05:58,334
2025-08-25 11:04:51,323
2025-08-25 12:08:25,370
2025-08-25 13:13:40,0
2025-08-25 14:05:06,542
2025-08-25 15:05:10,545
2025-08-25 16:05:42,484
2025-08-25 17:03:54,490
2025-08-25 18:06:54,414
2025-08-25 19:04:25,387
2025-08-25 20:05:40,318
2025-08-25 21:04:33,316
2025-08-25 22:04:57,298
2025-08-25 23:04:45,276
2025-08-26 00:20:52,294
2025-08-26 01:32:47,350
2025-08-26 02:34:05,351
2025-08-26 03:22:19,370
2025-08-26 04:06:04,398
2025-08-26 05:05:26,357
2025-08-26 06:07:32,330
2025-08-26 07:05:27,322
2025-08-26 08:07:03,345
2025-08-26 09:05:59,344
2025-08-26 10:05:43,336
2025-08-26 11:05:01,338
2025-08-26 12:08:37,417
2025-08-26 13:13:56,495
2025-08-26 14:05:09,532
2025-08-26 15:05:22,543
2025-08-26 16:05:36,476
2025-08-26 17:04:37,447
2025-08-26 18:06:37,409
2025-08-26 19:04:08,385
2025-08-26 20:05:27,357
2025-08-26 21:04:15,293
2025-08-26 22:04:29,384
2025-08-26 23:04:45,257
2025-08-27 00:20:56,321
2025-08-27 01:32:37,356
2025-08-27 02:31:55,362
2025-08-27 03:19:11,371
2025-08-27 04:05:59,346
2025-08-27 05:05:07,314
2025-08-27 06:07:11,362
2025-08-27 07:05:11,331
2025-08-27 08:06:30,327
2025-08-27 09:05:23,351
2025-08-27 10:05:07,309
2025-08-27 11:04:31,336
2025-08-27 12:08:02,427
2025-08-27 13:11:41,505
2025-08-27 14:05:06,571
2025-08-27 15:05:44,562
2025-08-27 16:05:41,487
2025-08-27 17:04:27,426
2025-08-27 18:06:30,401
2025-08-27 19:04:13,367
2025-08-27 20:05:14,354
2025-08-27 21:04:22,329
2025-08-27 22:04:47,308
2025-08-27 23:05:00,284
2025-08-28 00:20:51,332
2025-08-28 01:32:31,407
2025-08-28 02:32:03,440
2025-08-28 03:19:23,443
2025-08-28 04:05:56,390
2025-08-28 05:05:13,385
2025-08-28 06:07:19,340
2025-08-28 07:05:09,354
2025-08-28 08:06:29,351
2025-08-28 09:05:20,399
2025-08-28 10:05:27,369
2025-08-28 11:04:20,347
2025-08-28 12:08:05,428
2025-08-28 13:12:32,526
2025-08-28 14:05:19,553
2025-08-28 15:05:21,587
2025-08-28 16:05:38,499
2025-08-28 17:04:31,457
2025-08-28 18:06:34,419
2025-08-28 19:04:20,403
2025-08-28 20:05:38,376
2025-08-28 21:04:24,344
2025-08-28 22:04:44,284
2025-08-28 23:04:53,303
2025-08-29 00:20:54,349
2025-08-29 01:32:33,365
2025-08-29 02:32:01,390
2025-08-29 03:19:13,380
2025-08-29 04:05:58,409
2025-08-29 05:04:59,365
2025-08-29 06:07:21,351
2025-08-29 07:05:22,349
2025-08-29 08:06:28,353
2025-08-29 09:05:15,322
2025-08-29 10:05:16,307
2025-08-29 11:04:26,314
2025-08-29 12:08:07,376
